{"mode": "train", "epoch": 1, "iter": 50, "lr": 0.00107, "time": 2.27808, "data_time": 0.20368, "memory": 3768, "loss_ins": 2.84286, "loss_cate": 0.55135, "loss": 3.39421}
{"mode": "train", "epoch": 1, "iter": 100, "lr": 0.00206, "time": 2.23333, "data_time": 0.16096, "memory": 3819, "loss_ins": 2.72491, "loss_cate": 0.47724, "loss": 3.20215}
{"mode": "train", "epoch": 1, "iter": 150, "lr": 0.00305, "time": 2.2324, "data_time": 0.15976, "memory": 3928, "loss_ins": 2.37774, "loss_cate": 0.39854, "loss": 2.77628}
{"mode": "train", "epoch": 1, "iter": 200, "lr": 0.00404, "time": 2.22284, "data_time": 0.15411, "memory": 3928, "loss_ins": 2.25727, "loss_cate": 0.3509, "loss": 2.60817}
{"mode": "train", "epoch": 1, "iter": 250, "lr": 0.00503, "time": 2.24838, "data_time": 0.16388, "memory": 3928, "loss_ins": 2.11243, "loss_cate": 0.3291, "loss": 2.44152}
{"mode": "train", "epoch": 1, "iter": 300, "lr": 0.00602, "time": 2.23637, "data_time": 0.16336, "memory": 3928, "loss_ins": 1.89314, "loss_cate": 0.35071, "loss": 2.24384}
{"mode": "train", "epoch": 1, "iter": 350, "lr": 0.00701, "time": 2.26048, "data_time": 0.16817, "memory": 3928, "loss_ins": 1.82642, "loss_cate": 0.31658, "loss": 2.143}
{"mode": "train", "epoch": 1, "iter": 400, "lr": 0.008, "time": 2.22681, "data_time": 0.16062, "memory": 3928, "loss_ins": 1.6644, "loss_cate": 0.28583, "loss": 1.95024}
{"mode": "train", "epoch": 1, "iter": 450, "lr": 0.00899, "time": 2.2203, "data_time": 0.16148, "memory": 3928, "loss_ins": 1.58492, "loss_cate": 0.28669, "loss": 1.87161}
{"mode": "train", "epoch": 1, "iter": 500, "lr": 0.00998, "time": 2.23751, "data_time": 0.16433, "memory": 3928, "loss_ins": 1.52816, "loss_cate": 0.30501, "loss": 1.83317}
{"mode": "train", "epoch": 1, "iter": 550, "lr": 0.01, "time": 2.2401, "data_time": 0.16444, "memory": 3928, "loss_ins": 1.39823, "loss_cate": 0.28577, "loss": 1.68399}
{"mode": "train", "epoch": 1, "iter": 600, "lr": 0.01, "time": 2.20321, "data_time": 0.15655, "memory": 3928, "loss_ins": 1.36529, "loss_cate": 0.2662, "loss": 1.63149}
{"mode": "train", "epoch": 1, "iter": 650, "lr": 0.01, "time": 2.20615, "data_time": 0.1543, "memory": 3928, "loss_ins": 1.28228, "loss_cate": 0.29039, "loss": 1.57266}
{"mode": "train", "epoch": 1, "iter": 700, "lr": 0.01, "time": 2.2281, "data_time": 0.16255, "memory": 3928, "loss_ins": 1.38147, "loss_cate": 0.27086, "loss": 1.65233}
{"mode": "train", "epoch": 1, "iter": 750, "lr": 0.01, "time": 2.25108, "data_time": 0.17247, "memory": 3928, "loss_ins": 1.23053, "loss_cate": 0.24832, "loss": 1.47885}
{"mode": "train", "epoch": 2, "iter": 50, "lr": 0.01, "time": 2.2685, "data_time": 0.21382, "memory": 3928, "loss_ins": 1.12266, "loss_cate": 0.24473, "loss": 1.36739}
{"mode": "train", "epoch": 2, "iter": 100, "lr": 0.01, "time": 2.19965, "data_time": 0.15754, "memory": 3928, "loss_ins": 1.09338, "loss_cate": 0.23795, "loss": 1.33133}
{"mode": "train", "epoch": 2, "iter": 150, "lr": 0.01, "time": 2.20192, "data_time": 0.16068, "memory": 3928, "loss_ins": 1.0094, "loss_cate": 0.24361, "loss": 1.25301}
{"mode": "train", "epoch": 2, "iter": 200, "lr": 0.01, "time": 2.24486, "data_time": 0.17312, "memory": 3928, "loss_ins": 1.06841, "loss_cate": 0.23101, "loss": 1.29942}
{"mode": "train", "epoch": 2, "iter": 250, "lr": 0.01, "time": 2.22387, "data_time": 0.16667, "memory": 3928, "loss_ins": 0.99972, "loss_cate": 0.22833, "loss": 1.22805}
{"mode": "train", "epoch": 2, "iter": 300, "lr": 0.01, "time": 2.19717, "data_time": 0.15902, "memory": 3928, "loss_ins": 0.91943, "loss_cate": 0.22584, "loss": 1.14526}
{"mode": "train", "epoch": 2, "iter": 350, "lr": 0.01, "time": 2.21999, "data_time": 0.16372, "memory": 3928, "loss_ins": 0.97254, "loss_cate": 0.2175, "loss": 1.19004}
{"mode": "train", "epoch": 2, "iter": 400, "lr": 0.01, "time": 2.22146, "data_time": 0.16758, "memory": 3928, "loss_ins": 0.85393, "loss_cate": 0.21441, "loss": 1.06834}
{"mode": "train", "epoch": 2, "iter": 450, "lr": 0.01, "time": 2.23694, "data_time": 0.16855, "memory": 3928, "loss_ins": 0.96536, "loss_cate": 0.21728, "loss": 1.18264}
{"mode": "train", "epoch": 2, "iter": 500, "lr": 0.01, "time": 2.21232, "data_time": 0.16404, "memory": 3928, "loss_ins": 0.87552, "loss_cate": 0.21314, "loss": 1.08866}
{"mode": "train", "epoch": 2, "iter": 550, "lr": 0.01, "time": 2.25733, "data_time": 0.17612, "memory": 3928, "loss_ins": 0.91506, "loss_cate": 0.21323, "loss": 1.1283}
{"mode": "train", "epoch": 2, "iter": 600, "lr": 0.01, "time": 2.23784, "data_time": 0.16742, "memory": 3928, "loss_ins": 0.85407, "loss_cate": 0.2033, "loss": 1.05738}
{"mode": "train", "epoch": 2, "iter": 650, "lr": 0.01, "time": 2.24385, "data_time": 0.16924, "memory": 3928, "loss_ins": 0.85474, "loss_cate": 0.19735, "loss": 1.05209}
{"mode": "train", "epoch": 2, "iter": 700, "lr": 0.01, "time": 2.1936, "data_time": 0.15376, "memory": 3928, "loss_ins": 0.824, "loss_cate": 0.19556, "loss": 1.01956}
{"mode": "train", "epoch": 2, "iter": 750, "lr": 0.01, "time": 2.18963, "data_time": 0.15494, "memory": 3928, "loss_ins": 0.77304, "loss_cate": 0.19496, "loss": 0.96801}
{"mode": "train", "epoch": 3, "iter": 50, "lr": 0.01, "time": 2.29362, "data_time": 0.20308, "memory": 3928, "loss_ins": 0.79284, "loss_cate": 0.18763, "loss": 0.98047}
{"mode": "train", "epoch": 3, "iter": 100, "lr": 0.01, "time": 2.23354, "data_time": 0.16562, "memory": 3928, "loss_ins": 0.73631, "loss_cate": 0.18041, "loss": 0.91672}
{"mode": "train", "epoch": 3, "iter": 150, "lr": 0.01, "time": 2.23546, "data_time": 0.16534, "memory": 3928, "loss_ins": 0.73482, "loss_cate": 0.18162, "loss": 0.91644}
{"mode": "train", "epoch": 3, "iter": 200, "lr": 0.01, "time": 2.23869, "data_time": 0.16328, "memory": 3928, "loss_ins": 0.74576, "loss_cate": 0.18135, "loss": 0.92711}
{"mode": "train", "epoch": 3, "iter": 250, "lr": 0.01, "time": 2.23039, "data_time": 0.16708, "memory": 3928, "loss_ins": 0.69883, "loss_cate": 0.17731, "loss": 0.87615}
{"mode": "train", "epoch": 3, "iter": 300, "lr": 0.01, "time": 2.24893, "data_time": 0.1717, "memory": 3928, "loss_ins": 0.69346, "loss_cate": 0.18394, "loss": 0.8774}
{"mode": "train", "epoch": 3, "iter": 350, "lr": 0.01, "time": 2.22997, "data_time": 0.16569, "memory": 3928, "loss_ins": 0.68699, "loss_cate": 0.17926, "loss": 0.86625}
{"mode": "train", "epoch": 3, "iter": 400, "lr": 0.01, "time": 2.21286, "data_time": 0.15913, "memory": 3928, "loss_ins": 0.75692, "loss_cate": 0.17823, "loss": 0.93515}
{"mode": "train", "epoch": 3, "iter": 450, "lr": 0.01, "time": 2.22629, "data_time": 0.16416, "memory": 3928, "loss_ins": 0.74125, "loss_cate": 0.17739, "loss": 0.91864}
{"mode": "train", "epoch": 3, "iter": 500, "lr": 0.01, "time": 2.26781, "data_time": 0.17382, "memory": 3928, "loss_ins": 0.73637, "loss_cate": 0.17592, "loss": 0.91229}
{"mode": "train", "epoch": 3, "iter": 550, "lr": 0.01, "time": 2.22471, "data_time": 0.15997, "memory": 3928, "loss_ins": 0.69605, "loss_cate": 0.17013, "loss": 0.86618}
{"mode": "train", "epoch": 3, "iter": 600, "lr": 0.01, "time": 2.18421, "data_time": 0.15059, "memory": 3928, "loss_ins": 0.66514, "loss_cate": 0.17212, "loss": 0.83726}
{"mode": "train", "epoch": 3, "iter": 650, "lr": 0.01, "time": 2.18301, "data_time": 0.15055, "memory": 3928, "loss_ins": 0.6874, "loss_cate": 0.17005, "loss": 0.85746}
{"mode": "train", "epoch": 3, "iter": 700, "lr": 0.01, "time": 2.20244, "data_time": 0.15542, "memory": 3928, "loss_ins": 0.65846, "loss_cate": 0.16134, "loss": 0.8198}
{"mode": "train", "epoch": 3, "iter": 750, "lr": 0.01, "time": 2.18463, "data_time": 0.15179, "memory": 3928, "loss_ins": 0.60447, "loss_cate": 0.16469, "loss": 0.76916}
{"mode": "train", "epoch": 4, "iter": 50, "lr": 0.01, "time": 2.2429, "data_time": 0.19767, "memory": 3928, "loss_ins": 0.61233, "loss_cate": 0.15588, "loss": 0.76821}
{"mode": "train", "epoch": 4, "iter": 100, "lr": 0.01, "time": 2.23217, "data_time": 0.16478, "memory": 3928, "loss_ins": 0.64254, "loss_cate": 0.16429, "loss": 0.80683}
{"mode": "train", "epoch": 4, "iter": 150, "lr": 0.01, "time": 2.24211, "data_time": 0.16412, "memory": 3928, "loss_ins": 0.62433, "loss_cate": 0.15065, "loss": 0.77498}
{"mode": "train", "epoch": 4, "iter": 200, "lr": 0.01, "time": 2.18749, "data_time": 0.152, "memory": 3928, "loss_ins": 0.62127, "loss_cate": 0.15747, "loss": 0.77875}
{"mode": "train", "epoch": 4, "iter": 250, "lr": 0.01, "time": 2.22379, "data_time": 0.16089, "memory": 3928, "loss_ins": 0.58863, "loss_cate": 0.15891, "loss": 0.74754}
{"mode": "train", "epoch": 4, "iter": 300, "lr": 0.01, "time": 2.23995, "data_time": 0.16764, "memory": 3928, "loss_ins": 0.61945, "loss_cate": 0.15267, "loss": 0.77211}
{"mode": "train", "epoch": 4, "iter": 350, "lr": 0.01, "time": 2.25433, "data_time": 0.16789, "memory": 3928, "loss_ins": 0.61541, "loss_cate": 0.15234, "loss": 0.76774}
{"mode": "train", "epoch": 4, "iter": 400, "lr": 0.01, "time": 2.21114, "data_time": 0.15848, "memory": 3928, "loss_ins": 0.60294, "loss_cate": 0.16351, "loss": 0.76646}
{"mode": "train", "epoch": 4, "iter": 450, "lr": 0.01, "time": 2.22965, "data_time": 0.16, "memory": 3928, "loss_ins": 0.60386, "loss_cate": 0.15861, "loss": 0.76247}
{"mode": "train", "epoch": 4, "iter": 500, "lr": 0.01, "time": 2.22959, "data_time": 0.16212, "memory": 3928, "loss_ins": 0.58196, "loss_cate": 0.14474, "loss": 0.7267}
{"mode": "train", "epoch": 4, "iter": 550, "lr": 0.01, "time": 2.2152, "data_time": 0.16027, "memory": 3933, "loss_ins": 0.59482, "loss_cate": 0.15261, "loss": 0.74743}
{"mode": "train", "epoch": 4, "iter": 600, "lr": 0.01, "time": 2.2369, "data_time": 0.16526, "memory": 3933, "loss_ins": 0.59063, "loss_cate": 0.15072, "loss": 0.74135}
{"mode": "train", "epoch": 4, "iter": 650, "lr": 0.01, "time": 2.21932, "data_time": 0.1639, "memory": 3933, "loss_ins": 0.5296, "loss_cate": 0.14667, "loss": 0.67627}
{"mode": "train", "epoch": 4, "iter": 700, "lr": 0.01, "time": 2.23273, "data_time": 0.16324, "memory": 3933, "loss_ins": 0.56465, "loss_cate": 0.14521, "loss": 0.70986}
{"mode": "train", "epoch": 4, "iter": 750, "lr": 0.01, "time": 2.21123, "data_time": 0.15822, "memory": 3933, "loss_ins": 0.53874, "loss_cate": 0.1459, "loss": 0.68464}
{"mode": "train", "epoch": 5, "iter": 50, "lr": 0.01, "time": 2.29693, "data_time": 0.20978, "memory": 3933, "loss_ins": 0.51273, "loss_cate": 0.1402, "loss": 0.65293}
{"mode": "train", "epoch": 5, "iter": 100, "lr": 0.01, "time": 2.2196, "data_time": 0.16132, "memory": 3933, "loss_ins": 0.52726, "loss_cate": 0.14444, "loss": 0.6717}
{"mode": "train", "epoch": 5, "iter": 150, "lr": 0.01, "time": 2.20911, "data_time": 0.15727, "memory": 3933, "loss_ins": 0.51983, "loss_cate": 0.13792, "loss": 0.65774}
{"mode": "train", "epoch": 5, "iter": 200, "lr": 0.01, "time": 2.23956, "data_time": 0.16725, "memory": 3938, "loss_ins": 0.55568, "loss_cate": 0.14122, "loss": 0.69689}
{"mode": "train", "epoch": 5, "iter": 250, "lr": 0.01, "time": 2.21969, "data_time": 0.16278, "memory": 3938, "loss_ins": 0.5295, "loss_cate": 0.13909, "loss": 0.66859}
{"mode": "train", "epoch": 5, "iter": 300, "lr": 0.01, "time": 2.28352, "data_time": 0.17673, "memory": 3938, "loss_ins": 0.57302, "loss_cate": 0.1437, "loss": 0.71672}
{"mode": "train", "epoch": 5, "iter": 350, "lr": 0.01, "time": 2.21502, "data_time": 0.16415, "memory": 3938, "loss_ins": 0.52733, "loss_cate": 0.14023, "loss": 0.66755}
{"mode": "train", "epoch": 5, "iter": 400, "lr": 0.01, "time": 2.21227, "data_time": 0.16212, "memory": 3938, "loss_ins": 0.50045, "loss_cate": 0.13929, "loss": 0.63974}
{"mode": "train", "epoch": 5, "iter": 450, "lr": 0.01, "time": 2.23812, "data_time": 0.16753, "memory": 3938, "loss_ins": 0.53734, "loss_cate": 0.13682, "loss": 0.67416}
{"mode": "train", "epoch": 5, "iter": 500, "lr": 0.01, "time": 2.23034, "data_time": 0.16675, "memory": 3938, "loss_ins": 0.50149, "loss_cate": 0.13635, "loss": 0.63785}
{"mode": "train", "epoch": 5, "iter": 550, "lr": 0.01, "time": 2.23086, "data_time": 0.16785, "memory": 3938, "loss_ins": 0.5179, "loss_cate": 0.13756, "loss": 0.65546}
{"mode": "train", "epoch": 5, "iter": 600, "lr": 0.01, "time": 2.22837, "data_time": 0.16799, "memory": 3938, "loss_ins": 0.45437, "loss_cate": 0.12859, "loss": 0.58297}
{"mode": "train", "epoch": 5, "iter": 650, "lr": 0.01, "time": 2.25385, "data_time": 0.17376, "memory": 3938, "loss_ins": 0.52321, "loss_cate": 0.14318, "loss": 0.66639}
{"mode": "train", "epoch": 5, "iter": 700, "lr": 0.01, "time": 2.23334, "data_time": 0.16883, "memory": 3938, "loss_ins": 0.52767, "loss_cate": 0.13994, "loss": 0.66761}
{"mode": "train", "epoch": 5, "iter": 750, "lr": 0.01, "time": 2.20328, "data_time": 0.16018, "memory": 3938, "loss_ins": 0.46434, "loss_cate": 0.13757, "loss": 0.60191}
{"mode": "train", "epoch": 6, "iter": 50, "lr": 0.01, "time": 2.25481, "data_time": 0.19953, "memory": 3938, "loss_ins": 0.44869, "loss_cate": 0.12395, "loss": 0.57264}
{"mode": "train", "epoch": 6, "iter": 100, "lr": 0.01, "time": 2.20405, "data_time": 0.15497, "memory": 3938, "loss_ins": 0.43738, "loss_cate": 0.13401, "loss": 0.57139}
{"mode": "train", "epoch": 6, "iter": 150, "lr": 0.01, "time": 2.23286, "data_time": 0.16783, "memory": 3938, "loss_ins": 0.41955, "loss_cate": 0.12898, "loss": 0.54853}
{"mode": "train", "epoch": 6, "iter": 200, "lr": 0.01, "time": 2.19949, "data_time": 0.15425, "memory": 3938, "loss_ins": 0.44188, "loss_cate": 0.12954, "loss": 0.57142}
{"mode": "train", "epoch": 6, "iter": 250, "lr": 0.01, "time": 2.19424, "data_time": 0.15611, "memory": 3938, "loss_ins": 0.44822, "loss_cate": 0.12796, "loss": 0.57618}
{"mode": "train", "epoch": 6, "iter": 300, "lr": 0.01, "time": 2.24487, "data_time": 0.16644, "memory": 3938, "loss_ins": 0.4532, "loss_cate": 0.13222, "loss": 0.58542}
{"mode": "train", "epoch": 6, "iter": 350, "lr": 0.01, "time": 2.26919, "data_time": 0.17383, "memory": 3938, "loss_ins": 0.49093, "loss_cate": 0.12803, "loss": 0.61896}
{"mode": "train", "epoch": 6, "iter": 400, "lr": 0.01, "time": 2.2134, "data_time": 0.15767, "memory": 3938, "loss_ins": 0.47002, "loss_cate": 0.13317, "loss": 0.60319}
{"mode": "train", "epoch": 6, "iter": 450, "lr": 0.01, "time": 2.21569, "data_time": 0.16083, "memory": 3938, "loss_ins": 0.41043, "loss_cate": 0.12121, "loss": 0.53163}
{"mode": "train", "epoch": 6, "iter": 500, "lr": 0.01, "time": 2.20729, "data_time": 0.1556, "memory": 3938, "loss_ins": 0.45528, "loss_cate": 0.13419, "loss": 0.58947}
{"mode": "train", "epoch": 6, "iter": 550, "lr": 0.01, "time": 2.22186, "data_time": 0.16305, "memory": 3938, "loss_ins": 0.45859, "loss_cate": 0.12952, "loss": 0.58811}
{"mode": "train", "epoch": 6, "iter": 600, "lr": 0.01, "time": 2.25301, "data_time": 0.16954, "memory": 3938, "loss_ins": 0.48806, "loss_cate": 0.13066, "loss": 0.61872}
{"mode": "train", "epoch": 6, "iter": 650, "lr": 0.01, "time": 2.24935, "data_time": 0.16946, "memory": 3938, "loss_ins": 0.46624, "loss_cate": 0.12946, "loss": 0.5957}
{"mode": "train", "epoch": 6, "iter": 700, "lr": 0.01, "time": 2.23975, "data_time": 0.16759, "memory": 3938, "loss_ins": 0.43486, "loss_cate": 0.12742, "loss": 0.56228}
{"mode": "train", "epoch": 6, "iter": 750, "lr": 0.01, "time": 2.25593, "data_time": 0.1727, "memory": 3938, "loss_ins": 0.44878, "loss_cate": 0.12945, "loss": 0.57823}
{"mode": "train", "epoch": 7, "iter": 50, "lr": 0.01, "time": 2.33753, "data_time": 0.22834, "memory": 3814, "loss_ins": 0.42576, "loss_cate": 0.11989, "loss": 0.54565}
{"mode": "train", "epoch": 7, "iter": 100, "lr": 0.01, "time": 2.32329, "data_time": 0.19011, "memory": 3814, "loss_ins": 0.41433, "loss_cate": 0.11499, "loss": 0.52932}
{"mode": "train", "epoch": 7, "iter": 150, "lr": 0.01, "time": 2.29338, "data_time": 0.1784, "memory": 3814, "loss_ins": 0.39439, "loss_cate": 0.1211, "loss": 0.51549}
{"mode": "train", "epoch": 7, "iter": 200, "lr": 0.01, "time": 2.29041, "data_time": 0.17161, "memory": 3814, "loss_ins": 0.42385, "loss_cate": 0.12596, "loss": 0.54981}
{"mode": "train", "epoch": 7, "iter": 250, "lr": 0.01, "time": 2.34147, "data_time": 0.17895, "memory": 3814, "loss_ins": 0.38672, "loss_cate": 0.12238, "loss": 0.5091}
{"mode": "train", "epoch": 7, "iter": 300, "lr": 0.01, "time": 2.32467, "data_time": 0.1848, "memory": 3814, "loss_ins": 0.39908, "loss_cate": 0.11753, "loss": 0.51661}
{"mode": "train", "epoch": 7, "iter": 350, "lr": 0.01, "time": 2.36239, "data_time": 0.18842, "memory": 3843, "loss_ins": 0.39893, "loss_cate": 0.11688, "loss": 0.51581}
{"mode": "train", "epoch": 7, "iter": 400, "lr": 0.01, "time": 2.36805, "data_time": 0.19376, "memory": 3930, "loss_ins": 0.44103, "loss_cate": 0.12239, "loss": 0.56342}
{"mode": "train", "epoch": 7, "iter": 450, "lr": 0.01, "time": 2.338, "data_time": 0.18166, "memory": 3930, "loss_ins": 0.4003, "loss_cate": 0.12368, "loss": 0.52398}
{"mode": "train", "epoch": 7, "iter": 500, "lr": 0.01, "time": 2.29522, "data_time": 0.17115, "memory": 3930, "loss_ins": 0.36988, "loss_cate": 0.113, "loss": 0.48288}
{"mode": "train", "epoch": 7, "iter": 550, "lr": 0.01, "time": 2.2953, "data_time": 0.1778, "memory": 3930, "loss_ins": 0.35873, "loss_cate": 0.11677, "loss": 0.4755}
{"mode": "train", "epoch": 7, "iter": 600, "lr": 0.01, "time": 2.3034, "data_time": 0.17149, "memory": 3930, "loss_ins": 0.37959, "loss_cate": 0.11886, "loss": 0.49845}
{"mode": "train", "epoch": 7, "iter": 650, "lr": 0.01, "time": 2.32896, "data_time": 0.17671, "memory": 3930, "loss_ins": 0.41806, "loss_cate": 0.11815, "loss": 0.53621}
{"mode": "train", "epoch": 7, "iter": 700, "lr": 0.01, "time": 2.30835, "data_time": 0.17006, "memory": 3930, "loss_ins": 0.40416, "loss_cate": 0.11504, "loss": 0.5192}
{"mode": "train", "epoch": 7, "iter": 750, "lr": 0.01, "time": 2.32238, "data_time": 0.17526, "memory": 3930, "loss_ins": 0.45099, "loss_cate": 0.12212, "loss": 0.57311}
{"mode": "train", "epoch": 8, "iter": 50, "lr": 0.01, "time": 2.27398, "data_time": 0.19916, "memory": 3930, "loss_ins": 0.34385, "loss_cate": 0.11324, "loss": 0.45709}
{"mode": "train", "epoch": 8, "iter": 100, "lr": 0.01, "time": 2.25956, "data_time": 0.17058, "memory": 3930, "loss_ins": 0.39678, "loss_cate": 0.1133, "loss": 0.51008}
{"mode": "train", "epoch": 8, "iter": 150, "lr": 0.01, "time": 2.27968, "data_time": 0.17276, "memory": 3930, "loss_ins": 0.38195, "loss_cate": 0.11764, "loss": 0.49959}
{"mode": "train", "epoch": 8, "iter": 200, "lr": 0.01, "time": 2.28902, "data_time": 0.17519, "memory": 3930, "loss_ins": 0.37719, "loss_cate": 0.11386, "loss": 0.49104}
{"mode": "train", "epoch": 8, "iter": 250, "lr": 0.01, "time": 2.25848, "data_time": 0.16917, "memory": 3930, "loss_ins": 0.32883, "loss_cate": 0.10872, "loss": 0.43755}
{"mode": "train", "epoch": 8, "iter": 300, "lr": 0.01, "time": 2.29159, "data_time": 0.17598, "memory": 3930, "loss_ins": 0.4309, "loss_cate": 0.11888, "loss": 0.54979}
{"mode": "train", "epoch": 8, "iter": 350, "lr": 0.01, "time": 2.26846, "data_time": 0.16744, "memory": 3930, "loss_ins": 0.37039, "loss_cate": 0.11424, "loss": 0.48462}
{"mode": "train", "epoch": 8, "iter": 400, "lr": 0.01, "time": 2.30901, "data_time": 0.17944, "memory": 3930, "loss_ins": 0.38851, "loss_cate": 0.11385, "loss": 0.50237}
{"mode": "train", "epoch": 8, "iter": 450, "lr": 0.01, "time": 2.29261, "data_time": 0.17866, "memory": 3930, "loss_ins": 0.35849, "loss_cate": 0.11161, "loss": 0.4701}
{"mode": "train", "epoch": 8, "iter": 500, "lr": 0.01, "time": 2.32142, "data_time": 0.18371, "memory": 3930, "loss_ins": 0.36507, "loss_cate": 0.11076, "loss": 0.47582}
{"mode": "train", "epoch": 8, "iter": 550, "lr": 0.01, "time": 2.31423, "data_time": 0.18412, "memory": 3930, "loss_ins": 0.36329, "loss_cate": 0.11433, "loss": 0.47762}
{"mode": "train", "epoch": 8, "iter": 600, "lr": 0.01, "time": 2.30519, "data_time": 0.17845, "memory": 3930, "loss_ins": 0.37481, "loss_cate": 0.11545, "loss": 0.49026}
{"mode": "train", "epoch": 8, "iter": 650, "lr": 0.01, "time": 2.30159, "data_time": 0.17882, "memory": 3930, "loss_ins": 0.34087, "loss_cate": 0.10921, "loss": 0.45008}
{"mode": "train", "epoch": 8, "iter": 700, "lr": 0.01, "time": 2.30721, "data_time": 0.18269, "memory": 3930, "loss_ins": 0.3495, "loss_cate": 0.11004, "loss": 0.45955}
{"mode": "train", "epoch": 8, "iter": 750, "lr": 0.01, "time": 2.30219, "data_time": 0.17957, "memory": 3930, "loss_ins": 0.36009, "loss_cate": 0.11427, "loss": 0.47436}
{"mode": "train", "epoch": 9, "iter": 50, "lr": 0.01, "time": 2.35501, "data_time": 0.21678, "memory": 3930, "loss_ins": 0.34236, "loss_cate": 0.10588, "loss": 0.44824}
{"mode": "train", "epoch": 9, "iter": 100, "lr": 0.01, "time": 2.26251, "data_time": 0.17133, "memory": 3930, "loss_ins": 0.335, "loss_cate": 0.1096, "loss": 0.4446}
{"mode": "train", "epoch": 9, "iter": 150, "lr": 0.01, "time": 2.21622, "data_time": 0.16854, "memory": 3930, "loss_ins": 0.35657, "loss_cate": 0.10581, "loss": 0.46237}
{"mode": "train", "epoch": 9, "iter": 200, "lr": 0.01, "time": 2.22207, "data_time": 0.17009, "memory": 3930, "loss_ins": 0.30814, "loss_cate": 0.10032, "loss": 0.40846}
{"mode": "train", "epoch": 9, "iter": 250, "lr": 0.01, "time": 2.25393, "data_time": 0.17447, "memory": 3930, "loss_ins": 0.33981, "loss_cate": 0.10488, "loss": 0.44468}
{"mode": "train", "epoch": 9, "iter": 300, "lr": 0.01, "time": 2.27789, "data_time": 0.18492, "memory": 3930, "loss_ins": 0.36565, "loss_cate": 0.10606, "loss": 0.47171}
{"mode": "train", "epoch": 9, "iter": 350, "lr": 0.01, "time": 2.29189, "data_time": 0.18786, "memory": 3930, "loss_ins": 0.35616, "loss_cate": 0.10441, "loss": 0.46056}
{"mode": "train", "epoch": 9, "iter": 400, "lr": 0.01, "time": 2.25538, "data_time": 0.17511, "memory": 3930, "loss_ins": 0.30741, "loss_cate": 0.10227, "loss": 0.40968}
{"mode": "train", "epoch": 9, "iter": 450, "lr": 0.01, "time": 2.31005, "data_time": 0.19152, "memory": 3930, "loss_ins": 0.34483, "loss_cate": 0.10319, "loss": 0.44802}
{"mode": "train", "epoch": 9, "iter": 500, "lr": 0.01, "time": 2.2344, "data_time": 0.17144, "memory": 3930, "loss_ins": 0.31366, "loss_cate": 0.10618, "loss": 0.41984}
{"mode": "train", "epoch": 9, "iter": 550, "lr": 0.01, "time": 2.26915, "data_time": 0.18099, "memory": 3930, "loss_ins": 0.33904, "loss_cate": 0.11339, "loss": 0.45243}
{"mode": "train", "epoch": 9, "iter": 600, "lr": 0.01, "time": 2.25054, "data_time": 0.17524, "memory": 3930, "loss_ins": 0.35265, "loss_cate": 0.10999, "loss": 0.46264}
{"mode": "train", "epoch": 9, "iter": 650, "lr": 0.01, "time": 2.25785, "data_time": 0.17961, "memory": 3934, "loss_ins": 0.3479, "loss_cate": 0.10298, "loss": 0.45088}
{"mode": "train", "epoch": 9, "iter": 700, "lr": 0.01, "time": 2.25024, "data_time": 0.17457, "memory": 3934, "loss_ins": 0.33744, "loss_cate": 0.10448, "loss": 0.44192}
{"mode": "train", "epoch": 9, "iter": 750, "lr": 0.01, "time": 2.27046, "data_time": 0.17818, "memory": 3934, "loss_ins": 0.32922, "loss_cate": 0.10437, "loss": 0.43358}
{"mode": "train", "epoch": 10, "iter": 50, "lr": 0.001, "time": 2.38772, "data_time": 0.24134, "memory": 3934, "loss_ins": 0.3211, "loss_cate": 0.09544, "loss": 0.41654}
{"mode": "train", "epoch": 10, "iter": 100, "lr": 0.001, "time": 2.29451, "data_time": 0.18845, "memory": 3934, "loss_ins": 0.26358, "loss_cate": 0.08986, "loss": 0.35344}
{"mode": "train", "epoch": 10, "iter": 150, "lr": 0.001, "time": 2.31578, "data_time": 0.19364, "memory": 3934, "loss_ins": 0.28693, "loss_cate": 0.08935, "loss": 0.37628}
{"mode": "train", "epoch": 10, "iter": 200, "lr": 0.001, "time": 2.24271, "data_time": 0.17256, "memory": 3934, "loss_ins": 0.22926, "loss_cate": 0.0825, "loss": 0.31177}
{"mode": "train", "epoch": 10, "iter": 250, "lr": 0.001, "time": 2.2471, "data_time": 0.17042, "memory": 3934, "loss_ins": 0.25117, "loss_cate": 0.08427, "loss": 0.33544}
{"mode": "train", "epoch": 10, "iter": 300, "lr": 0.001, "time": 2.2108, "data_time": 0.16612, "memory": 3934, "loss_ins": 0.23582, "loss_cate": 0.08007, "loss": 0.31589}
{"mode": "train", "epoch": 10, "iter": 350, "lr": 0.001, "time": 2.29824, "data_time": 0.1883, "memory": 3934, "loss_ins": 0.27489, "loss_cate": 0.09025, "loss": 0.36514}
{"mode": "train", "epoch": 10, "iter": 400, "lr": 0.001, "time": 2.2879, "data_time": 0.1871, "memory": 3934, "loss_ins": 0.25231, "loss_cate": 0.0886, "loss": 0.34091}
{"mode": "train", "epoch": 10, "iter": 450, "lr": 0.001, "time": 2.28632, "data_time": 0.18291, "memory": 3934, "loss_ins": 0.24479, "loss_cate": 0.08565, "loss": 0.33044}
{"mode": "train", "epoch": 10, "iter": 500, "lr": 0.001, "time": 2.25518, "data_time": 0.17512, "memory": 3934, "loss_ins": 0.2223, "loss_cate": 0.0816, "loss": 0.3039}
{"mode": "train", "epoch": 10, "iter": 550, "lr": 0.001, "time": 2.27349, "data_time": 0.18036, "memory": 3934, "loss_ins": 0.24426, "loss_cate": 0.08242, "loss": 0.32668}
{"mode": "train", "epoch": 10, "iter": 600, "lr": 0.001, "time": 2.27307, "data_time": 0.18337, "memory": 3934, "loss_ins": 0.24479, "loss_cate": 0.08479, "loss": 0.32958}
{"mode": "train", "epoch": 10, "iter": 650, "lr": 0.001, "time": 2.26689, "data_time": 0.17952, "memory": 3934, "loss_ins": 0.23756, "loss_cate": 0.08227, "loss": 0.31982}
{"mode": "train", "epoch": 10, "iter": 700, "lr": 0.001, "time": 2.30581, "data_time": 0.19072, "memory": 3934, "loss_ins": 0.25847, "loss_cate": 0.08211, "loss": 0.34059}
{"mode": "train", "epoch": 10, "iter": 750, "lr": 0.001, "time": 2.23659, "data_time": 0.16937, "memory": 3934, "loss_ins": 0.23897, "loss_cate": 0.08291, "loss": 0.32188}
{"mode": "train", "epoch": 11, "iter": 50, "lr": 0.001, "time": 2.28875, "data_time": 0.21069, "memory": 3934, "loss_ins": 0.22691, "loss_cate": 0.07706, "loss": 0.30397}
{"mode": "train", "epoch": 11, "iter": 100, "lr": 0.001, "time": 2.24616, "data_time": 0.17264, "memory": 3934, "loss_ins": 0.2354, "loss_cate": 0.08017, "loss": 0.31557}
{"mode": "train", "epoch": 11, "iter": 150, "lr": 0.001, "time": 2.29535, "data_time": 0.18274, "memory": 3934, "loss_ins": 0.25852, "loss_cate": 0.08336, "loss": 0.34189}
{"mode": "train", "epoch": 11, "iter": 200, "lr": 0.001, "time": 2.25732, "data_time": 0.17496, "memory": 3934, "loss_ins": 0.22833, "loss_cate": 0.07856, "loss": 0.30689}
{"mode": "train", "epoch": 11, "iter": 250, "lr": 0.001, "time": 2.27645, "data_time": 0.17808, "memory": 3934, "loss_ins": 0.23687, "loss_cate": 0.0802, "loss": 0.31707}
{"mode": "train", "epoch": 11, "iter": 300, "lr": 0.001, "time": 2.25929, "data_time": 0.17888, "memory": 3934, "loss_ins": 0.22455, "loss_cate": 0.07985, "loss": 0.30439}
{"mode": "train", "epoch": 11, "iter": 350, "lr": 0.001, "time": 2.28013, "data_time": 0.18462, "memory": 3934, "loss_ins": 0.23902, "loss_cate": 0.0788, "loss": 0.31782}
{"mode": "train", "epoch": 11, "iter": 400, "lr": 0.001, "time": 2.22804, "data_time": 0.16756, "memory": 3934, "loss_ins": 0.23213, "loss_cate": 0.08117, "loss": 0.31329}
{"mode": "train", "epoch": 11, "iter": 450, "lr": 0.001, "time": 2.27303, "data_time": 0.17877, "memory": 3934, "loss_ins": 0.24129, "loss_cate": 0.08791, "loss": 0.3292}
{"mode": "train", "epoch": 11, "iter": 500, "lr": 0.001, "time": 2.26444, "data_time": 0.1804, "memory": 3934, "loss_ins": 0.24188, "loss_cate": 0.08272, "loss": 0.3246}
{"mode": "train", "epoch": 11, "iter": 550, "lr": 0.001, "time": 2.26737, "data_time": 0.18007, "memory": 3934, "loss_ins": 0.25371, "loss_cate": 0.0847, "loss": 0.3384}
{"mode": "train", "epoch": 11, "iter": 600, "lr": 0.001, "time": 2.22476, "data_time": 0.16705, "memory": 3934, "loss_ins": 0.22281, "loss_cate": 0.07475, "loss": 0.29756}
{"mode": "train", "epoch": 11, "iter": 650, "lr": 0.001, "time": 2.24753, "data_time": 0.17739, "memory": 3934, "loss_ins": 0.22548, "loss_cate": 0.07911, "loss": 0.30459}
{"mode": "train", "epoch": 11, "iter": 700, "lr": 0.001, "time": 2.21928, "data_time": 0.16972, "memory": 3934, "loss_ins": 0.22954, "loss_cate": 0.08046, "loss": 0.31}
{"mode": "train", "epoch": 11, "iter": 750, "lr": 0.001, "time": 2.24596, "data_time": 0.17286, "memory": 3934, "loss_ins": 0.23761, "loss_cate": 0.08277, "loss": 0.32038}
{"mode": "train", "epoch": 12, "iter": 50, "lr": 0.0001, "time": 2.29885, "data_time": 0.20721, "memory": 3934, "loss_ins": 0.22394, "loss_cate": 0.07805, "loss": 0.30199}
{"mode": "train", "epoch": 12, "iter": 100, "lr": 0.0001, "time": 2.23063, "data_time": 0.16596, "memory": 3934, "loss_ins": 0.22623, "loss_cate": 0.07683, "loss": 0.30306}
{"mode": "train", "epoch": 12, "iter": 150, "lr": 0.0001, "time": 2.30688, "data_time": 0.18305, "memory": 3934, "loss_ins": 0.24864, "loss_cate": 0.08075, "loss": 0.32939}
{"mode": "train", "epoch": 12, "iter": 200, "lr": 0.0001, "time": 2.27711, "data_time": 0.17863, "memory": 3934, "loss_ins": 0.22642, "loss_cate": 0.07543, "loss": 0.30185}
{"mode": "train", "epoch": 12, "iter": 250, "lr": 0.0001, "time": 2.28549, "data_time": 0.18483, "memory": 3934, "loss_ins": 0.2148, "loss_cate": 0.07996, "loss": 0.29476}
{"mode": "train", "epoch": 12, "iter": 300, "lr": 0.0001, "time": 2.25438, "data_time": 0.1711, "memory": 3934, "loss_ins": 0.21456, "loss_cate": 0.07915, "loss": 0.29371}
{"mode": "train", "epoch": 12, "iter": 350, "lr": 0.0001, "time": 2.27222, "data_time": 0.18072, "memory": 3934, "loss_ins": 0.19744, "loss_cate": 0.07586, "loss": 0.2733}
{"mode": "train", "epoch": 12, "iter": 400, "lr": 0.0001, "time": 2.24344, "data_time": 0.17357, "memory": 3934, "loss_ins": 0.2244, "loss_cate": 0.07553, "loss": 0.29993}
{"mode": "train", "epoch": 12, "iter": 450, "lr": 0.0001, "time": 2.26446, "data_time": 0.17903, "memory": 3934, "loss_ins": 0.21982, "loss_cate": 0.07631, "loss": 0.29613}
{"mode": "train", "epoch": 12, "iter": 500, "lr": 0.0001, "time": 2.25937, "data_time": 0.1797, "memory": 3934, "loss_ins": 0.23811, "loss_cate": 0.0752, "loss": 0.31331}
{"mode": "train", "epoch": 12, "iter": 550, "lr": 0.0001, "time": 2.27826, "data_time": 0.17953, "memory": 3934, "loss_ins": 0.25895, "loss_cate": 0.08044, "loss": 0.33938}
{"mode": "train", "epoch": 12, "iter": 600, "lr": 0.0001, "time": 2.2183, "data_time": 0.16417, "memory": 3934, "loss_ins": 0.21868, "loss_cate": 0.07567, "loss": 0.29434}
{"mode": "train", "epoch": 12, "iter": 650, "lr": 0.0001, "time": 2.23075, "data_time": 0.16928, "memory": 3934, "loss_ins": 0.21686, "loss_cate": 0.07344, "loss": 0.2903}
{"mode": "train", "epoch": 12, "iter": 700, "lr": 0.0001, "time": 2.21184, "data_time": 0.16531, "memory": 3934, "loss_ins": 0.18769, "loss_cate": 0.07503, "loss": 0.26273}
{"mode": "train", "epoch": 12, "iter": 750, "lr": 0.0001, "time": 2.23701, "data_time": 0.17057, "memory": 3934, "loss_ins": 0.22142, "loss_cate": 0.07761, "loss": 0.29902}
