{"mode": "train", "epoch": 1, "iter": 50, "lr": 0.00107, "time": 1.01286, "data_time": 0.29078, "memory": 3787, "loss_ins": 2.79327, "loss_cate": 0.56637, "loss": 3.35964}
{"mode": "train", "epoch": 1, "iter": 100, "lr": 0.00206, "time": 0.91044, "data_time": 0.29793, "memory": 4019, "loss_ins": 2.74041, "loss_cate": 0.42703, "loss": 3.16745}
{"mode": "train", "epoch": 1, "iter": 150, "lr": 0.00305, "time": 0.90267, "data_time": 0.29619, "memory": 4019, "loss_ins": 2.45239, "loss_cate": 0.38947, "loss": 2.84186}
{"mode": "train", "epoch": 1, "iter": 200, "lr": 0.00404, "time": 0.90841, "data_time": 0.29116, "memory": 4019, "loss_ins": 2.12496, "loss_cate": 0.38538, "loss": 2.51034}
{"mode": "train", "epoch": 1, "iter": 250, "lr": 0.00503, "time": 0.8588, "data_time": 0.26512, "memory": 4019, "loss_ins": 2.0991, "loss_cate": 0.32232, "loss": 2.42143}
{"mode": "train", "epoch": 1, "iter": 300, "lr": 0.00602, "time": 0.93895, "data_time": 0.31507, "memory": 4019, "loss_ins": 1.87655, "loss_cate": 0.30979, "loss": 2.18634}
{"mode": "train", "epoch": 1, "iter": 350, "lr": 0.00701, "time": 0.87874, "data_time": 0.28108, "memory": 4019, "loss_ins": 1.61953, "loss_cate": 0.30739, "loss": 1.92692}
{"mode": "train", "epoch": 1, "iter": 400, "lr": 0.008, "time": 0.89653, "data_time": 0.29533, "memory": 4019, "loss_ins": 1.53345, "loss_cate": 0.31429, "loss": 1.84774}
{"mode": "train", "epoch": 1, "iter": 450, "lr": 0.00899, "time": 0.91715, "data_time": 0.30546, "memory": 4019, "loss_ins": 1.46703, "loss_cate": 0.29638, "loss": 1.76341}
{"mode": "train", "epoch": 1, "iter": 500, "lr": 0.00998, "time": 0.90213, "data_time": 0.28998, "memory": 4019, "loss_ins": 1.4755, "loss_cate": 0.29627, "loss": 1.77178}
{"mode": "train", "epoch": 1, "iter": 550, "lr": 0.01, "time": 0.90615, "data_time": 0.29798, "memory": 4019, "loss_ins": 1.3704, "loss_cate": 0.27157, "loss": 1.64197}
{"mode": "train", "epoch": 1, "iter": 600, "lr": 0.01, "time": 0.88616, "data_time": 0.29568, "memory": 4019, "loss_ins": 1.3233, "loss_cate": 0.28787, "loss": 1.61117}
{"mode": "train", "epoch": 1, "iter": 650, "lr": 0.01, "time": 0.85007, "data_time": 0.26181, "memory": 4019, "loss_ins": 1.18352, "loss_cate": 0.26853, "loss": 1.45205}
{"mode": "train", "epoch": 1, "iter": 700, "lr": 0.01, "time": 0.9349, "data_time": 0.3202, "memory": 4019, "loss_ins": 1.17774, "loss_cate": 0.25607, "loss": 1.43381}
{"mode": "train", "epoch": 1, "iter": 750, "lr": 0.01, "time": 0.89462, "data_time": 0.28953, "memory": 4019, "loss_ins": 1.13004, "loss_cate": 0.24203, "loss": 1.37207}
{"mode": "train", "epoch": 1, "iter": 800, "lr": 0.01, "time": 0.87869, "data_time": 0.27673, "memory": 4019, "loss_ins": 1.14374, "loss_cate": 0.25696, "loss": 1.40069}
{"mode": "train", "epoch": 1, "iter": 850, "lr": 0.01, "time": 0.901, "data_time": 0.30109, "memory": 4019, "loss_ins": 1.14866, "loss_cate": 0.24602, "loss": 1.39468}
{"mode": "train", "epoch": 1, "iter": 900, "lr": 0.01, "time": 0.87524, "data_time": 0.28245, "memory": 4019, "loss_ins": 1.02652, "loss_cate": 0.23621, "loss": 1.26273}
{"mode": "train", "epoch": 1, "iter": 950, "lr": 0.01, "time": 0.95686, "data_time": 0.3275, "memory": 4019, "loss_ins": 1.06637, "loss_cate": 0.21933, "loss": 1.2857}
{"mode": "train", "epoch": 1, "iter": 1000, "lr": 0.01, "time": 0.9409, "data_time": 0.32284, "memory": 4019, "loss_ins": 1.10892, "loss_cate": 0.23851, "loss": 1.34743}
{"mode": "train", "epoch": 1, "iter": 1050, "lr": 0.01, "time": 0.8729, "data_time": 0.28149, "memory": 4019, "loss_ins": 1.04038, "loss_cate": 0.23005, "loss": 1.27043}
{"mode": "train", "epoch": 1, "iter": 1100, "lr": 0.01, "time": 0.93347, "data_time": 0.31429, "memory": 4019, "loss_ins": 0.99466, "loss_cate": 0.2284, "loss": 1.22305}
{"mode": "train", "epoch": 1, "iter": 1150, "lr": 0.01, "time": 0.87241, "data_time": 0.28547, "memory": 4019, "loss_ins": 0.96912, "loss_cate": 0.2165, "loss": 1.18562}
{"mode": "train", "epoch": 1, "iter": 1200, "lr": 0.01, "time": 0.84575, "data_time": 0.26004, "memory": 4019, "loss_ins": 0.92497, "loss_cate": 0.22509, "loss": 1.15005}
{"mode": "train", "epoch": 1, "iter": 1250, "lr": 0.01, "time": 0.96955, "data_time": 0.33803, "memory": 4019, "loss_ins": 0.93647, "loss_cate": 0.21196, "loss": 1.14844}
{"mode": "train", "epoch": 1, "iter": 1300, "lr": 0.01, "time": 0.89726, "data_time": 0.28993, "memory": 4019, "loss_ins": 0.87227, "loss_cate": 0.20588, "loss": 1.07815}
{"mode": "train", "epoch": 1, "iter": 1350, "lr": 0.01, "time": 0.88523, "data_time": 0.27914, "memory": 4019, "loss_ins": 0.90034, "loss_cate": 0.2112, "loss": 1.11153}
{"mode": "train", "epoch": 1, "iter": 1400, "lr": 0.01, "time": 0.87792, "data_time": 0.28032, "memory": 4019, "loss_ins": 0.82403, "loss_cate": 0.19605, "loss": 1.02007}
{"mode": "train", "epoch": 1, "iter": 1450, "lr": 0.01, "time": 0.91831, "data_time": 0.30366, "memory": 4019, "loss_ins": 0.93372, "loss_cate": 0.20548, "loss": 1.1392}
{"mode": "train", "epoch": 1, "iter": 1500, "lr": 0.01, "time": 0.90056, "data_time": 0.29344, "memory": 4019, "loss_ins": 0.82626, "loss_cate": 0.19602, "loss": 1.02228}
{"mode": "train", "epoch": 1, "iter": 1550, "lr": 0.01, "time": 0.92199, "data_time": 0.30684, "memory": 4019, "loss_ins": 0.82434, "loss_cate": 0.19367, "loss": 1.01801}
{"mode": "train", "epoch": 1, "iter": 1600, "lr": 0.01, "time": 0.87395, "data_time": 0.27341, "memory": 4019, "loss_ins": 0.80622, "loss_cate": 0.19127, "loss": 0.99749}
{"mode": "train", "epoch": 1, "iter": 1650, "lr": 0.01, "time": 0.87125, "data_time": 0.27927, "memory": 4019, "loss_ins": 0.80176, "loss_cate": 0.18803, "loss": 0.98979}
{"mode": "train", "epoch": 1, "iter": 1700, "lr": 0.01, "time": 0.91525, "data_time": 0.30364, "memory": 4019, "loss_ins": 0.83157, "loss_cate": 0.18563, "loss": 1.0172}
{"mode": "train", "epoch": 1, "iter": 1750, "lr": 0.01, "time": 0.91432, "data_time": 0.31302, "memory": 4019, "loss_ins": 0.77284, "loss_cate": 0.17629, "loss": 0.94913}
{"mode": "train", "epoch": 1, "iter": 1800, "lr": 0.01, "time": 0.88095, "data_time": 0.2793, "memory": 4019, "loss_ins": 0.74224, "loss_cate": 0.17901, "loss": 0.92125}
{"mode": "train", "epoch": 2, "iter": 50, "lr": 0.01, "time": 1.09862, "data_time": 0.32417, "memory": 3759, "loss_ins": 0.76034, "loss_cate": 0.17826, "loss": 0.9386}
{"mode": "train", "epoch": 2, "iter": 100, "lr": 0.01, "time": 0.91609, "data_time": 0.25791, "memory": 3759, "loss_ins": 0.71163, "loss_cate": 0.17836, "loss": 0.88999}
{"mode": "train", "epoch": 2, "iter": 150, "lr": 0.01, "time": 0.9198, "data_time": 0.26687, "memory": 3781, "loss_ins": 0.7374, "loss_cate": 0.17723, "loss": 0.91463}
{"mode": "train", "epoch": 2, "iter": 200, "lr": 0.01, "time": 0.91968, "data_time": 0.26275, "memory": 3801, "loss_ins": 0.69697, "loss_cate": 0.16702, "loss": 0.86399}
{"mode": "train", "epoch": 2, "iter": 250, "lr": 0.01, "time": 0.91881, "data_time": 0.25945, "memory": 3801, "loss_ins": 0.7395, "loss_cate": 0.17269, "loss": 0.91219}
{"mode": "train", "epoch": 2, "iter": 300, "lr": 0.01, "time": 0.95895, "data_time": 0.29049, "memory": 3816, "loss_ins": 0.7407, "loss_cate": 0.16449, "loss": 0.90519}
{"mode": "train", "epoch": 2, "iter": 350, "lr": 0.01, "time": 0.96586, "data_time": 0.28789, "memory": 3871, "loss_ins": 0.68761, "loss_cate": 0.17112, "loss": 0.85873}
{"mode": "train", "epoch": 2, "iter": 400, "lr": 0.01, "time": 0.92558, "data_time": 0.27685, "memory": 3871, "loss_ins": 0.67882, "loss_cate": 0.1669, "loss": 0.84572}
{"mode": "train", "epoch": 2, "iter": 450, "lr": 0.01, "time": 0.98774, "data_time": 0.31631, "memory": 3924, "loss_ins": 0.71163, "loss_cate": 0.16029, "loss": 0.87192}
{"mode": "train", "epoch": 2, "iter": 500, "lr": 0.01, "time": 0.99661, "data_time": 0.30515, "memory": 3924, "loss_ins": 0.69799, "loss_cate": 0.17144, "loss": 0.86943}
{"mode": "train", "epoch": 2, "iter": 550, "lr": 0.01, "time": 0.99949, "data_time": 0.31692, "memory": 3924, "loss_ins": 0.69019, "loss_cate": 0.1707, "loss": 0.86089}
{"mode": "train", "epoch": 2, "iter": 600, "lr": 0.01, "time": 0.99373, "data_time": 0.30539, "memory": 3924, "loss_ins": 0.6874, "loss_cate": 0.1648, "loss": 0.8522}
{"mode": "train", "epoch": 2, "iter": 650, "lr": 0.01, "time": 1.00876, "data_time": 0.31775, "memory": 3924, "loss_ins": 0.68876, "loss_cate": 0.16471, "loss": 0.85346}
{"mode": "train", "epoch": 2, "iter": 700, "lr": 0.01, "time": 0.98585, "data_time": 0.29683, "memory": 3924, "loss_ins": 0.64089, "loss_cate": 0.15987, "loss": 0.80076}
{"mode": "train", "epoch": 2, "iter": 750, "lr": 0.01, "time": 0.96996, "data_time": 0.27957, "memory": 3924, "loss_ins": 0.6473, "loss_cate": 0.1606, "loss": 0.8079}
{"mode": "train", "epoch": 2, "iter": 800, "lr": 0.01, "time": 0.89186, "data_time": 0.25624, "memory": 3924, "loss_ins": 0.62252, "loss_cate": 0.16613, "loss": 0.78864}
{"mode": "train", "epoch": 2, "iter": 850, "lr": 0.01, "time": 0.97613, "data_time": 0.29225, "memory": 3924, "loss_ins": 0.62082, "loss_cate": 0.15438, "loss": 0.7752}
{"mode": "train", "epoch": 2, "iter": 900, "lr": 0.01, "time": 0.94771, "data_time": 0.27715, "memory": 3924, "loss_ins": 0.59201, "loss_cate": 0.15094, "loss": 0.74295}
{"mode": "train", "epoch": 2, "iter": 950, "lr": 0.01, "time": 0.96856, "data_time": 0.29801, "memory": 3924, "loss_ins": 0.62207, "loss_cate": 0.15634, "loss": 0.77841}
{"mode": "train", "epoch": 2, "iter": 1000, "lr": 0.01, "time": 0.96598, "data_time": 0.29169, "memory": 3924, "loss_ins": 0.5865, "loss_cate": 0.14824, "loss": 0.73474}
{"mode": "train", "epoch": 2, "iter": 1050, "lr": 0.01, "time": 0.98081, "data_time": 0.29682, "memory": 3984, "loss_ins": 0.6038, "loss_cate": 0.15434, "loss": 0.75814}
{"mode": "train", "epoch": 2, "iter": 1100, "lr": 0.01, "time": 0.96066, "data_time": 0.29608, "memory": 3984, "loss_ins": 0.55495, "loss_cate": 0.15351, "loss": 0.70847}
{"mode": "train", "epoch": 2, "iter": 1150, "lr": 0.01, "time": 0.9722, "data_time": 0.29747, "memory": 3984, "loss_ins": 0.57827, "loss_cate": 0.14646, "loss": 0.72473}
{"mode": "train", "epoch": 2, "iter": 1200, "lr": 0.01, "time": 0.99301, "data_time": 0.30388, "memory": 3984, "loss_ins": 0.58078, "loss_cate": 0.14663, "loss": 0.7274}
{"mode": "train", "epoch": 2, "iter": 1250, "lr": 0.01, "time": 0.99953, "data_time": 0.31435, "memory": 3984, "loss_ins": 0.59754, "loss_cate": 0.15006, "loss": 0.7476}
{"mode": "train", "epoch": 2, "iter": 1300, "lr": 0.01, "time": 0.99532, "data_time": 0.32204, "memory": 3984, "loss_ins": 0.5598, "loss_cate": 0.14808, "loss": 0.70788}
{"mode": "train", "epoch": 2, "iter": 1350, "lr": 0.01, "time": 1.00812, "data_time": 0.3126, "memory": 3984, "loss_ins": 0.57274, "loss_cate": 0.15284, "loss": 0.72559}
{"mode": "train", "epoch": 2, "iter": 1400, "lr": 0.01, "time": 0.98774, "data_time": 0.30588, "memory": 3984, "loss_ins": 0.58946, "loss_cate": 0.13976, "loss": 0.72922}
{"mode": "train", "epoch": 2, "iter": 1450, "lr": 0.01, "time": 1.02473, "data_time": 0.3249, "memory": 3984, "loss_ins": 0.53868, "loss_cate": 0.14463, "loss": 0.68331}
{"mode": "train", "epoch": 2, "iter": 1500, "lr": 0.01, "time": 0.93725, "data_time": 0.26553, "memory": 3984, "loss_ins": 0.52114, "loss_cate": 0.14303, "loss": 0.66417}
{"mode": "train", "epoch": 2, "iter": 1550, "lr": 0.01, "time": 0.94194, "data_time": 0.27182, "memory": 3984, "loss_ins": 0.50562, "loss_cate": 0.14397, "loss": 0.64959}
{"mode": "train", "epoch": 2, "iter": 1600, "lr": 0.01, "time": 0.99229, "data_time": 0.30752, "memory": 3984, "loss_ins": 0.57901, "loss_cate": 0.15329, "loss": 0.7323}
{"mode": "train", "epoch": 2, "iter": 1650, "lr": 0.01, "time": 0.98919, "data_time": 0.30555, "memory": 3984, "loss_ins": 0.56448, "loss_cate": 0.14174, "loss": 0.70622}
{"mode": "train", "epoch": 2, "iter": 1700, "lr": 0.01, "time": 0.93719, "data_time": 0.26665, "memory": 4036, "loss_ins": 0.55864, "loss_cate": 0.13718, "loss": 0.69581}
{"mode": "train", "epoch": 2, "iter": 1750, "lr": 0.01, "time": 0.91941, "data_time": 0.26833, "memory": 4036, "loss_ins": 0.51164, "loss_cate": 0.15236, "loss": 0.66401}
{"mode": "train", "epoch": 2, "iter": 1800, "lr": 0.01, "time": 0.97056, "data_time": 0.29881, "memory": 4036, "loss_ins": 0.5256, "loss_cate": 0.14839, "loss": 0.67399}
{"mode": "train", "epoch": 3, "iter": 50, "lr": 0.01, "time": 1.0438, "data_time": 0.33381, "memory": 4036, "loss_ins": 0.50659, "loss_cate": 0.13615, "loss": 0.64274}
{"mode": "train", "epoch": 3, "iter": 100, "lr": 0.01, "time": 1.03732, "data_time": 0.32284, "memory": 4036, "loss_ins": 0.50887, "loss_cate": 0.13264, "loss": 0.64152}
{"mode": "train", "epoch": 3, "iter": 150, "lr": 0.01, "time": 0.93212, "data_time": 0.28174, "memory": 4036, "loss_ins": 0.46037, "loss_cate": 0.125, "loss": 0.58537}
{"mode": "train", "epoch": 3, "iter": 200, "lr": 0.01, "time": 0.99251, "data_time": 0.31033, "memory": 4036, "loss_ins": 0.46991, "loss_cate": 0.13584, "loss": 0.60575}
{"mode": "train", "epoch": 3, "iter": 250, "lr": 0.01, "time": 0.94214, "data_time": 0.2716, "memory": 4036, "loss_ins": 0.49776, "loss_cate": 0.13391, "loss": 0.63167}
{"mode": "train", "epoch": 3, "iter": 300, "lr": 0.01, "time": 0.96264, "data_time": 0.29339, "memory": 4036, "loss_ins": 0.46256, "loss_cate": 0.13472, "loss": 0.59729}
{"mode": "train", "epoch": 3, "iter": 350, "lr": 0.01, "time": 0.96805, "data_time": 0.29219, "memory": 4036, "loss_ins": 0.44325, "loss_cate": 0.13093, "loss": 0.57417}
{"mode": "train", "epoch": 3, "iter": 400, "lr": 0.01, "time": 0.96852, "data_time": 0.29042, "memory": 4036, "loss_ins": 0.48354, "loss_cate": 0.13286, "loss": 0.61639}
{"mode": "train", "epoch": 3, "iter": 450, "lr": 0.01, "time": 0.94071, "data_time": 0.27768, "memory": 4036, "loss_ins": 0.46647, "loss_cate": 0.13681, "loss": 0.60329}
{"mode": "train", "epoch": 3, "iter": 500, "lr": 0.01, "time": 0.91864, "data_time": 0.26669, "memory": 4036, "loss_ins": 0.48324, "loss_cate": 0.13834, "loss": 0.62158}
{"mode": "train", "epoch": 3, "iter": 550, "lr": 0.01, "time": 0.96651, "data_time": 0.29001, "memory": 4036, "loss_ins": 0.44034, "loss_cate": 0.13134, "loss": 0.57169}
{"mode": "train", "epoch": 3, "iter": 600, "lr": 0.01, "time": 0.93271, "data_time": 0.26551, "memory": 4036, "loss_ins": 0.42537, "loss_cate": 0.12838, "loss": 0.55375}
{"mode": "train", "epoch": 3, "iter": 650, "lr": 0.01, "time": 0.97726, "data_time": 0.29119, "memory": 4036, "loss_ins": 0.47155, "loss_cate": 0.13553, "loss": 0.60708}
{"mode": "train", "epoch": 3, "iter": 700, "lr": 0.01, "time": 0.96913, "data_time": 0.29043, "memory": 4036, "loss_ins": 0.47574, "loss_cate": 0.12912, "loss": 0.60487}
{"mode": "train", "epoch": 3, "iter": 750, "lr": 0.01, "time": 0.95426, "data_time": 0.27913, "memory": 4036, "loss_ins": 0.42178, "loss_cate": 0.13374, "loss": 0.55552}
{"mode": "train", "epoch": 3, "iter": 800, "lr": 0.01, "time": 0.96234, "data_time": 0.29254, "memory": 4036, "loss_ins": 0.44402, "loss_cate": 0.13317, "loss": 0.57719}
{"mode": "train", "epoch": 3, "iter": 850, "lr": 0.01, "time": 1.0062, "data_time": 0.31514, "memory": 4036, "loss_ins": 0.50867, "loss_cate": 0.13862, "loss": 0.64729}
{"mode": "train", "epoch": 3, "iter": 900, "lr": 0.01, "time": 0.98457, "data_time": 0.29344, "memory": 4036, "loss_ins": 0.45838, "loss_cate": 0.13026, "loss": 0.58864}
{"mode": "train", "epoch": 3, "iter": 950, "lr": 0.01, "time": 0.97264, "data_time": 0.29676, "memory": 4036, "loss_ins": 0.46082, "loss_cate": 0.1266, "loss": 0.58742}
{"mode": "train", "epoch": 3, "iter": 1000, "lr": 0.01, "time": 1.00529, "data_time": 0.31394, "memory": 4036, "loss_ins": 0.44352, "loss_cate": 0.12404, "loss": 0.56756}
{"mode": "train", "epoch": 3, "iter": 1050, "lr": 0.01, "time": 1.02141, "data_time": 0.31535, "memory": 4036, "loss_ins": 0.40703, "loss_cate": 0.12268, "loss": 0.52972}
{"mode": "train", "epoch": 3, "iter": 1100, "lr": 0.01, "time": 0.98122, "data_time": 0.29153, "memory": 4036, "loss_ins": 0.43799, "loss_cate": 0.1265, "loss": 0.56449}
{"mode": "train", "epoch": 3, "iter": 1150, "lr": 0.01, "time": 0.99527, "data_time": 0.30881, "memory": 4036, "loss_ins": 0.47124, "loss_cate": 0.13115, "loss": 0.60238}
{"mode": "train", "epoch": 3, "iter": 1200, "lr": 0.01, "time": 0.95091, "data_time": 0.28298, "memory": 4036, "loss_ins": 0.43549, "loss_cate": 0.12195, "loss": 0.55744}
{"mode": "train", "epoch": 3, "iter": 1250, "lr": 0.01, "time": 0.95118, "data_time": 0.27434, "memory": 4036, "loss_ins": 0.41904, "loss_cate": 0.12567, "loss": 0.54471}
{"mode": "train", "epoch": 3, "iter": 1300, "lr": 0.01, "time": 0.99738, "data_time": 0.31476, "memory": 4036, "loss_ins": 0.41914, "loss_cate": 0.12245, "loss": 0.54159}
{"mode": "train", "epoch": 3, "iter": 1350, "lr": 0.01, "time": 0.96399, "data_time": 0.29911, "memory": 4036, "loss_ins": 0.43036, "loss_cate": 0.13198, "loss": 0.56234}
{"mode": "train", "epoch": 3, "iter": 1400, "lr": 0.01, "time": 0.93747, "data_time": 0.27178, "memory": 4036, "loss_ins": 0.44665, "loss_cate": 0.12601, "loss": 0.57266}
{"mode": "train", "epoch": 3, "iter": 1450, "lr": 0.01, "time": 0.91293, "data_time": 0.26129, "memory": 4036, "loss_ins": 0.4367, "loss_cate": 0.12913, "loss": 0.56583}
{"mode": "train", "epoch": 3, "iter": 1500, "lr": 0.01, "time": 0.96939, "data_time": 0.28625, "memory": 4036, "loss_ins": 0.42075, "loss_cate": 0.13205, "loss": 0.5528}
{"mode": "train", "epoch": 3, "iter": 1550, "lr": 0.01, "time": 0.96055, "data_time": 0.29064, "memory": 4036, "loss_ins": 0.44295, "loss_cate": 0.12158, "loss": 0.56453}
{"mode": "train", "epoch": 3, "iter": 1600, "lr": 0.01, "time": 0.99763, "data_time": 0.30368, "memory": 4036, "loss_ins": 0.41216, "loss_cate": 0.1257, "loss": 0.53786}
{"mode": "train", "epoch": 3, "iter": 1650, "lr": 0.01, "time": 0.99337, "data_time": 0.29964, "memory": 4036, "loss_ins": 0.44145, "loss_cate": 0.13124, "loss": 0.57269}
{"mode": "train", "epoch": 3, "iter": 1700, "lr": 0.01, "time": 0.98071, "data_time": 0.31189, "memory": 4036, "loss_ins": 0.44198, "loss_cate": 0.12374, "loss": 0.56572}
{"mode": "train", "epoch": 3, "iter": 1750, "lr": 0.01, "time": 0.95948, "data_time": 0.28576, "memory": 4036, "loss_ins": 0.42188, "loss_cate": 0.1242, "loss": 0.54608}
{"mode": "train", "epoch": 3, "iter": 1800, "lr": 0.01, "time": 0.98937, "data_time": 0.30199, "memory": 4036, "loss_ins": 0.39575, "loss_cate": 0.11811, "loss": 0.51386}
{"mode": "train", "epoch": 4, "iter": 50, "lr": 0.01, "time": 1.00599, "data_time": 0.30046, "memory": 4036, "loss_ins": 0.36325, "loss_cate": 0.11871, "loss": 0.48197}
{"mode": "train", "epoch": 4, "iter": 100, "lr": 0.01, "time": 0.92304, "data_time": 0.27119, "memory": 4036, "loss_ins": 0.35613, "loss_cate": 0.11433, "loss": 0.47045}
{"mode": "train", "epoch": 4, "iter": 150, "lr": 0.01, "time": 0.91866, "data_time": 0.25437, "memory": 4036, "loss_ins": 0.37098, "loss_cate": 0.11946, "loss": 0.49044}
{"mode": "train", "epoch": 4, "iter": 200, "lr": 0.01, "time": 0.97562, "data_time": 0.29271, "memory": 4036, "loss_ins": 0.38395, "loss_cate": 0.11476, "loss": 0.4987}
{"mode": "train", "epoch": 4, "iter": 250, "lr": 0.01, "time": 0.9845, "data_time": 0.29021, "memory": 4036, "loss_ins": 0.3931, "loss_cate": 0.11685, "loss": 0.50995}
{"mode": "train", "epoch": 4, "iter": 300, "lr": 0.01, "time": 0.99098, "data_time": 0.28664, "memory": 4036, "loss_ins": 0.39619, "loss_cate": 0.12041, "loss": 0.5166}
{"mode": "train", "epoch": 4, "iter": 350, "lr": 0.01, "time": 0.9584, "data_time": 0.27854, "memory": 4036, "loss_ins": 0.34206, "loss_cate": 0.11667, "loss": 0.45873}
{"mode": "train", "epoch": 4, "iter": 400, "lr": 0.01, "time": 0.95967, "data_time": 0.28944, "memory": 4036, "loss_ins": 0.3963, "loss_cate": 0.11344, "loss": 0.50974}
{"mode": "train", "epoch": 4, "iter": 450, "lr": 0.01, "time": 0.94152, "data_time": 0.26614, "memory": 4036, "loss_ins": 0.37141, "loss_cate": 0.1107, "loss": 0.48212}
{"mode": "train", "epoch": 4, "iter": 500, "lr": 0.01, "time": 0.93742, "data_time": 0.26514, "memory": 4036, "loss_ins": 0.35494, "loss_cate": 0.11363, "loss": 0.46856}
{"mode": "train", "epoch": 4, "iter": 550, "lr": 0.01, "time": 0.91973, "data_time": 0.26296, "memory": 4036, "loss_ins": 0.35356, "loss_cate": 0.11415, "loss": 0.46771}
{"mode": "train", "epoch": 4, "iter": 600, "lr": 0.01, "time": 0.92653, "data_time": 0.27098, "memory": 4036, "loss_ins": 0.35235, "loss_cate": 0.11636, "loss": 0.46871}
{"mode": "train", "epoch": 4, "iter": 650, "lr": 0.01, "time": 0.99653, "data_time": 0.30207, "memory": 4036, "loss_ins": 0.38044, "loss_cate": 0.11608, "loss": 0.49652}
{"mode": "train", "epoch": 4, "iter": 700, "lr": 0.01, "time": 1.01892, "data_time": 0.32744, "memory": 4036, "loss_ins": 0.40478, "loss_cate": 0.11762, "loss": 0.52241}
{"mode": "train", "epoch": 4, "iter": 750, "lr": 0.01, "time": 0.95694, "data_time": 0.2827, "memory": 4036, "loss_ins": 0.342, "loss_cate": 0.11074, "loss": 0.45274}
{"mode": "train", "epoch": 4, "iter": 800, "lr": 0.01, "time": 0.95339, "data_time": 0.28931, "memory": 4036, "loss_ins": 0.37784, "loss_cate": 0.11753, "loss": 0.49537}
{"mode": "train", "epoch": 4, "iter": 850, "lr": 0.01, "time": 1.04189, "data_time": 0.3309, "memory": 4036, "loss_ins": 0.37256, "loss_cate": 0.11818, "loss": 0.49073}
{"mode": "train", "epoch": 4, "iter": 900, "lr": 0.01, "time": 1.00921, "data_time": 0.31571, "memory": 4036, "loss_ins": 0.36995, "loss_cate": 0.11204, "loss": 0.48199}
{"mode": "train", "epoch": 4, "iter": 950, "lr": 0.01, "time": 0.91402, "data_time": 0.25399, "memory": 4036, "loss_ins": 0.33068, "loss_cate": 0.11132, "loss": 0.44201}
{"mode": "train", "epoch": 4, "iter": 1000, "lr": 0.01, "time": 0.96222, "data_time": 0.28337, "memory": 4036, "loss_ins": 0.34637, "loss_cate": 0.11014, "loss": 0.45651}
{"mode": "train", "epoch": 4, "iter": 1050, "lr": 0.01, "time": 0.934, "data_time": 0.26456, "memory": 4036, "loss_ins": 0.36354, "loss_cate": 0.11351, "loss": 0.47706}
{"mode": "train", "epoch": 4, "iter": 1100, "lr": 0.01, "time": 0.93788, "data_time": 0.26942, "memory": 4036, "loss_ins": 0.36793, "loss_cate": 0.11205, "loss": 0.47999}
{"mode": "train", "epoch": 4, "iter": 1150, "lr": 0.01, "time": 0.92741, "data_time": 0.2699, "memory": 4036, "loss_ins": 0.37296, "loss_cate": 0.1095, "loss": 0.48246}
{"mode": "train", "epoch": 4, "iter": 1200, "lr": 0.01, "time": 0.97656, "data_time": 0.29695, "memory": 4036, "loss_ins": 0.41924, "loss_cate": 0.1171, "loss": 0.53634}
{"mode": "train", "epoch": 4, "iter": 1250, "lr": 0.01, "time": 0.93969, "data_time": 0.27027, "memory": 4036, "loss_ins": 0.36613, "loss_cate": 0.109, "loss": 0.47512}
{"mode": "train", "epoch": 4, "iter": 1300, "lr": 0.01, "time": 0.93039, "data_time": 0.27095, "memory": 4036, "loss_ins": 0.33304, "loss_cate": 0.1118, "loss": 0.44485}
{"mode": "train", "epoch": 4, "iter": 1350, "lr": 0.01, "time": 0.97333, "data_time": 0.29902, "memory": 4036, "loss_ins": 0.37404, "loss_cate": 0.11354, "loss": 0.48758}
{"mode": "train", "epoch": 4, "iter": 1400, "lr": 0.01, "time": 1.00035, "data_time": 0.311, "memory": 4036, "loss_ins": 0.38005, "loss_cate": 0.10907, "loss": 0.48913}
{"mode": "train", "epoch": 4, "iter": 1450, "lr": 0.01, "time": 0.97448, "data_time": 0.30155, "memory": 4036, "loss_ins": 0.37007, "loss_cate": 0.11118, "loss": 0.48125}
{"mode": "train", "epoch": 4, "iter": 1500, "lr": 0.01, "time": 0.94524, "data_time": 0.2786, "memory": 4036, "loss_ins": 0.35488, "loss_cate": 0.10949, "loss": 0.46438}
{"mode": "train", "epoch": 4, "iter": 1550, "lr": 0.01, "time": 0.98528, "data_time": 0.29884, "memory": 4036, "loss_ins": 0.37715, "loss_cate": 0.11294, "loss": 0.49009}
{"mode": "train", "epoch": 4, "iter": 1600, "lr": 0.01, "time": 0.93155, "data_time": 0.27088, "memory": 4036, "loss_ins": 0.34049, "loss_cate": 0.10834, "loss": 0.44883}
{"mode": "train", "epoch": 4, "iter": 1650, "lr": 0.01, "time": 0.98317, "data_time": 0.30711, "memory": 4036, "loss_ins": 0.37033, "loss_cate": 0.11632, "loss": 0.48665}
{"mode": "train", "epoch": 4, "iter": 1700, "lr": 0.01, "time": 0.93656, "data_time": 0.27268, "memory": 4036, "loss_ins": 0.34947, "loss_cate": 0.11783, "loss": 0.4673}
{"mode": "train", "epoch": 4, "iter": 1750, "lr": 0.01, "time": 0.96359, "data_time": 0.27502, "memory": 4036, "loss_ins": 0.35561, "loss_cate": 0.10753, "loss": 0.46314}
{"mode": "train", "epoch": 4, "iter": 1800, "lr": 0.01, "time": 0.96224, "data_time": 0.28155, "memory": 4036, "loss_ins": 0.35126, "loss_cate": 0.11131, "loss": 0.46257}
{"mode": "train", "epoch": 5, "iter": 50, "lr": 0.01, "time": 0.96175, "data_time": 0.27761, "memory": 4036, "loss_ins": 0.33889, "loss_cate": 0.10853, "loss": 0.44742}
{"mode": "train", "epoch": 5, "iter": 100, "lr": 0.01, "time": 0.95632, "data_time": 0.26221, "memory": 4036, "loss_ins": 0.34402, "loss_cate": 0.1033, "loss": 0.44732}
{"mode": "train", "epoch": 5, "iter": 150, "lr": 0.01, "time": 0.91689, "data_time": 0.23903, "memory": 4036, "loss_ins": 0.33095, "loss_cate": 0.1074, "loss": 0.43836}
{"mode": "train", "epoch": 5, "iter": 200, "lr": 0.01, "time": 0.90894, "data_time": 0.2351, "memory": 4036, "loss_ins": 0.33528, "loss_cate": 0.10669, "loss": 0.44197}
{"mode": "train", "epoch": 5, "iter": 250, "lr": 0.01, "time": 0.91221, "data_time": 0.23038, "memory": 4036, "loss_ins": 0.30969, "loss_cate": 0.10376, "loss": 0.41345}
{"mode": "train", "epoch": 5, "iter": 300, "lr": 0.01, "time": 0.89125, "data_time": 0.22981, "memory": 4036, "loss_ins": 0.294, "loss_cate": 0.10386, "loss": 0.39786}
{"mode": "train", "epoch": 5, "iter": 350, "lr": 0.01, "time": 0.88653, "data_time": 0.22919, "memory": 4036, "loss_ins": 0.30894, "loss_cate": 0.09945, "loss": 0.40838}
{"mode": "train", "epoch": 5, "iter": 400, "lr": 0.01, "time": 0.87548, "data_time": 0.22058, "memory": 4036, "loss_ins": 0.29045, "loss_cate": 0.0998, "loss": 0.39025}
{"mode": "train", "epoch": 5, "iter": 450, "lr": 0.01, "time": 0.93902, "data_time": 0.24999, "memory": 4036, "loss_ins": 0.34503, "loss_cate": 0.10521, "loss": 0.45024}
{"mode": "train", "epoch": 5, "iter": 500, "lr": 0.01, "time": 0.93473, "data_time": 0.24886, "memory": 4036, "loss_ins": 0.30896, "loss_cate": 0.10019, "loss": 0.40915}
{"mode": "train", "epoch": 5, "iter": 550, "lr": 0.01, "time": 0.89699, "data_time": 0.23136, "memory": 4036, "loss_ins": 0.32971, "loss_cate": 0.1056, "loss": 0.43531}
{"mode": "train", "epoch": 5, "iter": 600, "lr": 0.01, "time": 0.92293, "data_time": 0.24818, "memory": 4036, "loss_ins": 0.28055, "loss_cate": 0.10109, "loss": 0.38164}
{"mode": "train", "epoch": 5, "iter": 650, "lr": 0.01, "time": 0.89693, "data_time": 0.23773, "memory": 4036, "loss_ins": 0.32588, "loss_cate": 0.10299, "loss": 0.42887}
{"mode": "train", "epoch": 5, "iter": 700, "lr": 0.01, "time": 0.96467, "data_time": 0.27771, "memory": 4036, "loss_ins": 0.36188, "loss_cate": 0.11263, "loss": 0.4745}
{"mode": "train", "epoch": 5, "iter": 750, "lr": 0.01, "time": 0.89156, "data_time": 0.22435, "memory": 4036, "loss_ins": 0.30032, "loss_cate": 0.10446, "loss": 0.40478}
{"mode": "train", "epoch": 5, "iter": 800, "lr": 0.01, "time": 0.93412, "data_time": 0.24673, "memory": 4036, "loss_ins": 0.33329, "loss_cate": 0.11029, "loss": 0.44358}
{"mode": "train", "epoch": 5, "iter": 850, "lr": 0.01, "time": 0.9084, "data_time": 0.24165, "memory": 4036, "loss_ins": 0.27411, "loss_cate": 0.09879, "loss": 0.3729}
{"mode": "train", "epoch": 5, "iter": 900, "lr": 0.01, "time": 0.89563, "data_time": 0.23471, "memory": 4036, "loss_ins": 0.30157, "loss_cate": 0.10842, "loss": 0.40998}
{"mode": "train", "epoch": 5, "iter": 950, "lr": 0.01, "time": 0.90205, "data_time": 0.23348, "memory": 4036, "loss_ins": 0.34029, "loss_cate": 0.10618, "loss": 0.44648}
{"mode": "train", "epoch": 5, "iter": 1000, "lr": 0.01, "time": 0.88351, "data_time": 0.21847, "memory": 4036, "loss_ins": 0.29744, "loss_cate": 0.10302, "loss": 0.40045}
{"mode": "train", "epoch": 5, "iter": 1050, "lr": 0.01, "time": 0.92021, "data_time": 0.247, "memory": 4036, "loss_ins": 0.32057, "loss_cate": 0.10713, "loss": 0.4277}
{"mode": "train", "epoch": 5, "iter": 1100, "lr": 0.01, "time": 0.87871, "data_time": 0.2199, "memory": 4036, "loss_ins": 0.28784, "loss_cate": 0.09691, "loss": 0.38474}
{"mode": "train", "epoch": 5, "iter": 1150, "lr": 0.01, "time": 0.87968, "data_time": 0.22756, "memory": 4036, "loss_ins": 0.30192, "loss_cate": 0.10183, "loss": 0.40375}
{"mode": "train", "epoch": 5, "iter": 1200, "lr": 0.01, "time": 0.92964, "data_time": 0.24632, "memory": 4036, "loss_ins": 0.32683, "loss_cate": 0.10058, "loss": 0.42741}
{"mode": "train", "epoch": 5, "iter": 1250, "lr": 0.01, "time": 0.8932, "data_time": 0.24, "memory": 4036, "loss_ins": 0.32323, "loss_cate": 0.10314, "loss": 0.42637}
{"mode": "train", "epoch": 5, "iter": 1300, "lr": 0.01, "time": 0.89943, "data_time": 0.238, "memory": 4036, "loss_ins": 0.29259, "loss_cate": 0.0948, "loss": 0.38739}
{"mode": "train", "epoch": 5, "iter": 1350, "lr": 0.01, "time": 0.93869, "data_time": 0.25562, "memory": 4036, "loss_ins": 0.32451, "loss_cate": 0.10292, "loss": 0.42743}
{"mode": "train", "epoch": 5, "iter": 1400, "lr": 0.01, "time": 0.91238, "data_time": 0.24296, "memory": 4036, "loss_ins": 0.30566, "loss_cate": 0.10483, "loss": 0.41048}
{"mode": "train", "epoch": 5, "iter": 1450, "lr": 0.01, "time": 0.93014, "data_time": 0.25087, "memory": 4036, "loss_ins": 0.32627, "loss_cate": 0.10479, "loss": 0.43106}
{"mode": "train", "epoch": 5, "iter": 1500, "lr": 0.01, "time": 0.89593, "data_time": 0.23093, "memory": 4036, "loss_ins": 0.29665, "loss_cate": 0.09758, "loss": 0.39423}
{"mode": "train", "epoch": 5, "iter": 1550, "lr": 0.01, "time": 0.88433, "data_time": 0.22149, "memory": 4036, "loss_ins": 0.33378, "loss_cate": 0.10265, "loss": 0.43643}
{"mode": "train", "epoch": 5, "iter": 1600, "lr": 0.01, "time": 0.93328, "data_time": 0.26274, "memory": 4036, "loss_ins": 0.35043, "loss_cate": 0.1043, "loss": 0.45473}
{"mode": "train", "epoch": 5, "iter": 1650, "lr": 0.01, "time": 0.88833, "data_time": 0.22721, "memory": 4036, "loss_ins": 0.3017, "loss_cate": 0.10284, "loss": 0.40454}
{"mode": "train", "epoch": 5, "iter": 1700, "lr": 0.01, "time": 0.94861, "data_time": 0.26691, "memory": 4036, "loss_ins": 0.31135, "loss_cate": 0.10117, "loss": 0.41251}
{"mode": "train", "epoch": 5, "iter": 1750, "lr": 0.01, "time": 0.94437, "data_time": 0.26139, "memory": 4036, "loss_ins": 0.324, "loss_cate": 0.10553, "loss": 0.42953}
{"mode": "train", "epoch": 5, "iter": 1800, "lr": 0.01, "time": 0.93531, "data_time": 0.25529, "memory": 4036, "loss_ins": 0.29082, "loss_cate": 0.1042, "loss": 0.39502}
{"mode": "train", "epoch": 6, "iter": 50, "lr": 0.01, "time": 0.99923, "data_time": 0.31011, "memory": 4036, "loss_ins": 0.2636, "loss_cate": 0.09322, "loss": 0.35682}
{"mode": "train", "epoch": 6, "iter": 100, "lr": 0.01, "time": 0.9571, "data_time": 0.2762, "memory": 4036, "loss_ins": 0.273, "loss_cate": 0.09817, "loss": 0.37117}
{"mode": "train", "epoch": 6, "iter": 150, "lr": 0.01, "time": 1.00944, "data_time": 0.30366, "memory": 4036, "loss_ins": 0.28795, "loss_cate": 0.09594, "loss": 0.38389}
{"mode": "train", "epoch": 6, "iter": 200, "lr": 0.01, "time": 0.92889, "data_time": 0.2559, "memory": 4036, "loss_ins": 0.25281, "loss_cate": 0.09168, "loss": 0.34448}
{"mode": "train", "epoch": 6, "iter": 250, "lr": 0.01, "time": 0.95714, "data_time": 0.28202, "memory": 4036, "loss_ins": 0.30761, "loss_cate": 0.09666, "loss": 0.40427}
{"mode": "train", "epoch": 6, "iter": 300, "lr": 0.01, "time": 0.9386, "data_time": 0.27828, "memory": 4036, "loss_ins": 0.28155, "loss_cate": 0.09864, "loss": 0.38019}
{"mode": "train", "epoch": 6, "iter": 350, "lr": 0.01, "time": 0.96074, "data_time": 0.27639, "memory": 4036, "loss_ins": 0.30886, "loss_cate": 0.09577, "loss": 0.40463}
{"mode": "train", "epoch": 6, "iter": 400, "lr": 0.01, "time": 0.97001, "data_time": 0.28233, "memory": 4036, "loss_ins": 0.28231, "loss_cate": 0.09635, "loss": 0.37866}
{"mode": "train", "epoch": 6, "iter": 450, "lr": 0.01, "time": 0.92021, "data_time": 0.26331, "memory": 4036, "loss_ins": 0.29177, "loss_cate": 0.10529, "loss": 0.39705}
{"mode": "train", "epoch": 6, "iter": 500, "lr": 0.01, "time": 0.95538, "data_time": 0.27944, "memory": 4036, "loss_ins": 0.27879, "loss_cate": 0.09364, "loss": 0.37243}
{"mode": "train", "epoch": 6, "iter": 550, "lr": 0.01, "time": 0.92981, "data_time": 0.26427, "memory": 4036, "loss_ins": 0.26133, "loss_cate": 0.094, "loss": 0.35534}
{"mode": "train", "epoch": 6, "iter": 600, "lr": 0.01, "time": 0.97803, "data_time": 0.29593, "memory": 4036, "loss_ins": 0.27551, "loss_cate": 0.09767, "loss": 0.37318}
{"mode": "train", "epoch": 6, "iter": 650, "lr": 0.01, "time": 0.92682, "data_time": 0.2605, "memory": 4036, "loss_ins": 0.27567, "loss_cate": 0.09752, "loss": 0.37319}
{"mode": "train", "epoch": 6, "iter": 700, "lr": 0.01, "time": 0.95993, "data_time": 0.27937, "memory": 4036, "loss_ins": 0.27765, "loss_cate": 0.10198, "loss": 0.37963}
{"mode": "train", "epoch": 6, "iter": 750, "lr": 0.01, "time": 0.96203, "data_time": 0.28392, "memory": 4036, "loss_ins": 0.29031, "loss_cate": 0.09781, "loss": 0.38812}
{"mode": "train", "epoch": 6, "iter": 800, "lr": 0.01, "time": 1.01768, "data_time": 0.32099, "memory": 4036, "loss_ins": 0.34377, "loss_cate": 0.10425, "loss": 0.44802}
{"mode": "train", "epoch": 6, "iter": 850, "lr": 0.01, "time": 0.94566, "data_time": 0.27801, "memory": 4036, "loss_ins": 0.26718, "loss_cate": 0.09609, "loss": 0.36327}
{"mode": "train", "epoch": 6, "iter": 900, "lr": 0.01, "time": 0.93138, "data_time": 0.26313, "memory": 4036, "loss_ins": 0.2697, "loss_cate": 0.09753, "loss": 0.36722}
{"mode": "train", "epoch": 6, "iter": 950, "lr": 0.01, "time": 0.96004, "data_time": 0.28731, "memory": 4036, "loss_ins": 0.29697, "loss_cate": 0.09866, "loss": 0.39563}
{"mode": "train", "epoch": 6, "iter": 1000, "lr": 0.01, "time": 0.98028, "data_time": 0.29281, "memory": 4036, "loss_ins": 0.2787, "loss_cate": 0.09363, "loss": 0.37233}
{"mode": "train", "epoch": 6, "iter": 1050, "lr": 0.01, "time": 0.96926, "data_time": 0.2957, "memory": 4036, "loss_ins": 0.30616, "loss_cate": 0.09944, "loss": 0.40559}
{"mode": "train", "epoch": 6, "iter": 1100, "lr": 0.01, "time": 0.96453, "data_time": 0.27456, "memory": 4036, "loss_ins": 0.28376, "loss_cate": 0.10363, "loss": 0.38738}
{"mode": "train", "epoch": 6, "iter": 1150, "lr": 0.01, "time": 0.99717, "data_time": 0.30576, "memory": 4036, "loss_ins": 0.31396, "loss_cate": 0.10114, "loss": 0.41511}
{"mode": "train", "epoch": 6, "iter": 1200, "lr": 0.01, "time": 0.99262, "data_time": 0.29625, "memory": 4036, "loss_ins": 0.27698, "loss_cate": 0.09617, "loss": 0.37315}
{"mode": "train", "epoch": 6, "iter": 1250, "lr": 0.01, "time": 0.93178, "data_time": 0.26622, "memory": 4036, "loss_ins": 0.28334, "loss_cate": 0.10032, "loss": 0.38366}
{"mode": "train", "epoch": 6, "iter": 1300, "lr": 0.01, "time": 1.00086, "data_time": 0.30459, "memory": 4036, "loss_ins": 0.30601, "loss_cate": 0.10133, "loss": 0.40734}
{"mode": "train", "epoch": 6, "iter": 1350, "lr": 0.01, "time": 0.94551, "data_time": 0.2902, "memory": 4036, "loss_ins": 0.26662, "loss_cate": 0.09262, "loss": 0.35923}
{"mode": "train", "epoch": 6, "iter": 1400, "lr": 0.01, "time": 0.95526, "data_time": 0.27538, "memory": 4036, "loss_ins": 0.29762, "loss_cate": 0.09451, "loss": 0.39213}
{"mode": "train", "epoch": 6, "iter": 1450, "lr": 0.01, "time": 0.98506, "data_time": 0.30692, "memory": 4036, "loss_ins": 0.28402, "loss_cate": 0.09518, "loss": 0.3792}
{"mode": "train", "epoch": 6, "iter": 1500, "lr": 0.01, "time": 0.93654, "data_time": 0.26772, "memory": 4036, "loss_ins": 0.26346, "loss_cate": 0.09264, "loss": 0.35609}
{"mode": "train", "epoch": 6, "iter": 1550, "lr": 0.01, "time": 1.02367, "data_time": 0.32108, "memory": 4036, "loss_ins": 0.31051, "loss_cate": 0.09663, "loss": 0.40715}
{"mode": "train", "epoch": 6, "iter": 1600, "lr": 0.01, "time": 0.96833, "data_time": 0.28772, "memory": 4036, "loss_ins": 0.27399, "loss_cate": 0.09974, "loss": 0.37373}
{"mode": "train", "epoch": 6, "iter": 1650, "lr": 0.01, "time": 0.9382, "data_time": 0.27907, "memory": 4036, "loss_ins": 0.25322, "loss_cate": 0.09785, "loss": 0.35107}
{"mode": "train", "epoch": 6, "iter": 1700, "lr": 0.01, "time": 0.97702, "data_time": 0.30176, "memory": 4036, "loss_ins": 0.29173, "loss_cate": 0.09533, "loss": 0.38706}
{"mode": "train", "epoch": 6, "iter": 1750, "lr": 0.01, "time": 0.96351, "data_time": 0.2895, "memory": 4036, "loss_ins": 0.29257, "loss_cate": 0.09545, "loss": 0.38802}
{"mode": "train", "epoch": 6, "iter": 1800, "lr": 0.01, "time": 1.02104, "data_time": 0.32115, "memory": 4036, "loss_ins": 0.27923, "loss_cate": 0.088, "loss": 0.36722}
{"mode": "train", "epoch": 7, "iter": 50, "lr": 0.01, "time": 1.02171, "data_time": 0.32255, "memory": 4037, "loss_ins": 0.26224, "loss_cate": 0.09291, "loss": 0.35515}
{"mode": "train", "epoch": 7, "iter": 100, "lr": 0.01, "time": 0.97822, "data_time": 0.29842, "memory": 4037, "loss_ins": 0.24898, "loss_cate": 0.08685, "loss": 0.33583}
{"mode": "train", "epoch": 7, "iter": 150, "lr": 0.01, "time": 0.97015, "data_time": 0.29042, "memory": 4037, "loss_ins": 0.26679, "loss_cate": 0.08734, "loss": 0.35414}
{"mode": "train", "epoch": 7, "iter": 200, "lr": 0.01, "time": 0.9593, "data_time": 0.2888, "memory": 4037, "loss_ins": 0.25568, "loss_cate": 0.08743, "loss": 0.34311}
{"mode": "train", "epoch": 7, "iter": 250, "lr": 0.01, "time": 1.00901, "data_time": 0.3212, "memory": 4037, "loss_ins": 0.25876, "loss_cate": 0.08869, "loss": 0.34745}
{"mode": "train", "epoch": 7, "iter": 300, "lr": 0.01, "time": 0.94739, "data_time": 0.27923, "memory": 4037, "loss_ins": 0.24435, "loss_cate": 0.09132, "loss": 0.33566}
{"mode": "train", "epoch": 7, "iter": 350, "lr": 0.01, "time": 0.93475, "data_time": 0.27295, "memory": 4037, "loss_ins": 0.23187, "loss_cate": 0.08903, "loss": 0.32091}
{"mode": "train", "epoch": 7, "iter": 400, "lr": 0.01, "time": 0.99535, "data_time": 0.30172, "memory": 4037, "loss_ins": 0.2757, "loss_cate": 0.09248, "loss": 0.36817}
{"mode": "train", "epoch": 7, "iter": 450, "lr": 0.01, "time": 0.96197, "data_time": 0.29104, "memory": 4037, "loss_ins": 0.25432, "loss_cate": 0.08667, "loss": 0.34099}
{"mode": "train", "epoch": 7, "iter": 500, "lr": 0.01, "time": 0.96451, "data_time": 0.28415, "memory": 4037, "loss_ins": 0.27484, "loss_cate": 0.08877, "loss": 0.36361}
{"mode": "train", "epoch": 7, "iter": 550, "lr": 0.01, "time": 0.92721, "data_time": 0.27004, "memory": 4037, "loss_ins": 0.25566, "loss_cate": 0.09437, "loss": 0.35003}
{"mode": "train", "epoch": 7, "iter": 600, "lr": 0.01, "time": 0.99579, "data_time": 0.30897, "memory": 4037, "loss_ins": 0.27288, "loss_cate": 0.09496, "loss": 0.36784}
{"mode": "train", "epoch": 7, "iter": 650, "lr": 0.01, "time": 0.97478, "data_time": 0.29977, "memory": 4037, "loss_ins": 0.30852, "loss_cate": 0.09546, "loss": 0.40398}
{"mode": "train", "epoch": 7, "iter": 700, "lr": 0.01, "time": 0.92171, "data_time": 0.26935, "memory": 4037, "loss_ins": 0.29048, "loss_cate": 0.09659, "loss": 0.38707}
{"mode": "train", "epoch": 7, "iter": 750, "lr": 0.01, "time": 0.9972, "data_time": 0.30971, "memory": 4037, "loss_ins": 0.27462, "loss_cate": 0.08538, "loss": 0.36001}
{"mode": "train", "epoch": 7, "iter": 800, "lr": 0.01, "time": 0.95604, "data_time": 0.28763, "memory": 4037, "loss_ins": 0.26954, "loss_cate": 0.09108, "loss": 0.36063}
{"mode": "train", "epoch": 7, "iter": 850, "lr": 0.01, "time": 0.95121, "data_time": 0.28002, "memory": 4037, "loss_ins": 0.27919, "loss_cate": 0.09253, "loss": 0.37172}
{"mode": "train", "epoch": 7, "iter": 900, "lr": 0.01, "time": 0.92844, "data_time": 0.26271, "memory": 4037, "loss_ins": 0.2573, "loss_cate": 0.09826, "loss": 0.35556}
{"mode": "train", "epoch": 7, "iter": 950, "lr": 0.01, "time": 1.00375, "data_time": 0.3186, "memory": 4037, "loss_ins": 0.2702, "loss_cate": 0.09252, "loss": 0.36272}
{"mode": "train", "epoch": 7, "iter": 1000, "lr": 0.01, "time": 0.91117, "data_time": 0.26324, "memory": 4037, "loss_ins": 0.23963, "loss_cate": 0.08887, "loss": 0.3285}
{"mode": "train", "epoch": 7, "iter": 1050, "lr": 0.01, "time": 0.97331, "data_time": 0.27593, "memory": 4037, "loss_ins": 0.27183, "loss_cate": 0.09083, "loss": 0.36266}
{"mode": "train", "epoch": 7, "iter": 1100, "lr": 0.01, "time": 0.96071, "data_time": 0.28985, "memory": 4037, "loss_ins": 0.2456, "loss_cate": 0.0914, "loss": 0.337}
{"mode": "train", "epoch": 7, "iter": 1150, "lr": 0.01, "time": 0.95949, "data_time": 0.289, "memory": 4037, "loss_ins": 0.27909, "loss_cate": 0.09453, "loss": 0.37362}
{"mode": "train", "epoch": 7, "iter": 1200, "lr": 0.01, "time": 1.01243, "data_time": 0.31138, "memory": 4037, "loss_ins": 0.2579, "loss_cate": 0.08898, "loss": 0.34688}
{"mode": "train", "epoch": 7, "iter": 1250, "lr": 0.01, "time": 1.00498, "data_time": 0.30694, "memory": 4037, "loss_ins": 0.24999, "loss_cate": 0.08831, "loss": 0.3383}
{"mode": "train", "epoch": 7, "iter": 1300, "lr": 0.01, "time": 0.98166, "data_time": 0.30502, "memory": 4037, "loss_ins": 0.26333, "loss_cate": 0.0894, "loss": 0.35273}
{"mode": "train", "epoch": 7, "iter": 1350, "lr": 0.01, "time": 0.96579, "data_time": 0.28224, "memory": 4037, "loss_ins": 0.26056, "loss_cate": 0.09809, "loss": 0.35864}
{"mode": "train", "epoch": 7, "iter": 1400, "lr": 0.01, "time": 0.92093, "data_time": 0.25992, "memory": 4037, "loss_ins": 0.23628, "loss_cate": 0.08734, "loss": 0.32361}
{"mode": "train", "epoch": 7, "iter": 1450, "lr": 0.01, "time": 0.90811, "data_time": 0.26064, "memory": 4037, "loss_ins": 0.2048, "loss_cate": 0.08321, "loss": 0.28801}
{"mode": "train", "epoch": 7, "iter": 1500, "lr": 0.01, "time": 1.0091, "data_time": 0.31867, "memory": 4037, "loss_ins": 0.24497, "loss_cate": 0.09205, "loss": 0.33702}
{"mode": "train", "epoch": 7, "iter": 1550, "lr": 0.01, "time": 0.95804, "data_time": 0.28768, "memory": 4037, "loss_ins": 0.27484, "loss_cate": 0.09522, "loss": 0.37006}
{"mode": "train", "epoch": 7, "iter": 1600, "lr": 0.01, "time": 0.96258, "data_time": 0.29179, "memory": 4037, "loss_ins": 0.25269, "loss_cate": 0.0899, "loss": 0.34259}
{"mode": "train", "epoch": 7, "iter": 1650, "lr": 0.01, "time": 1.01465, "data_time": 0.31612, "memory": 4037, "loss_ins": 0.26169, "loss_cate": 0.09291, "loss": 0.3546}
{"mode": "train", "epoch": 7, "iter": 1700, "lr": 0.01, "time": 1.01951, "data_time": 0.32514, "memory": 4037, "loss_ins": 0.25418, "loss_cate": 0.09214, "loss": 0.34632}
{"mode": "train", "epoch": 7, "iter": 1750, "lr": 0.01, "time": 0.96499, "data_time": 0.28616, "memory": 4037, "loss_ins": 0.25952, "loss_cate": 0.08782, "loss": 0.34734}
{"mode": "train", "epoch": 7, "iter": 1800, "lr": 0.01, "time": 0.97349, "data_time": 0.29143, "memory": 4037, "loss_ins": 0.25535, "loss_cate": 0.08878, "loss": 0.34413}
{"mode": "train", "epoch": 8, "iter": 50, "lr": 0.01, "time": 1.05619, "data_time": 0.34816, "memory": 4037, "loss_ins": 0.25788, "loss_cate": 0.08692, "loss": 0.3448}
{"mode": "train", "epoch": 8, "iter": 100, "lr": 0.01, "time": 1.00906, "data_time": 0.31324, "memory": 4037, "loss_ins": 0.22279, "loss_cate": 0.08433, "loss": 0.30712}
{"mode": "train", "epoch": 8, "iter": 150, "lr": 0.01, "time": 0.95282, "data_time": 0.27945, "memory": 4037, "loss_ins": 0.24462, "loss_cate": 0.08528, "loss": 0.3299}
{"mode": "train", "epoch": 8, "iter": 200, "lr": 0.01, "time": 0.9708, "data_time": 0.29157, "memory": 4037, "loss_ins": 0.21167, "loss_cate": 0.07884, "loss": 0.29051}
{"mode": "train", "epoch": 8, "iter": 250, "lr": 0.01, "time": 1.03212, "data_time": 0.33, "memory": 4037, "loss_ins": 0.24163, "loss_cate": 0.08506, "loss": 0.3267}
{"mode": "train", "epoch": 8, "iter": 300, "lr": 0.01, "time": 0.96581, "data_time": 0.295, "memory": 4037, "loss_ins": 0.23262, "loss_cate": 0.08939, "loss": 0.32201}
{"mode": "train", "epoch": 8, "iter": 350, "lr": 0.01, "time": 0.93471, "data_time": 0.26711, "memory": 4037, "loss_ins": 0.24668, "loss_cate": 0.0883, "loss": 0.33498}
{"mode": "train", "epoch": 8, "iter": 400, "lr": 0.01, "time": 0.93828, "data_time": 0.27224, "memory": 4037, "loss_ins": 0.24275, "loss_cate": 0.09034, "loss": 0.33309}
{"mode": "train", "epoch": 8, "iter": 450, "lr": 0.01, "time": 1.04064, "data_time": 0.32973, "memory": 4037, "loss_ins": 0.26142, "loss_cate": 0.09185, "loss": 0.35327}
{"mode": "train", "epoch": 8, "iter": 500, "lr": 0.01, "time": 0.97437, "data_time": 0.29354, "memory": 4037, "loss_ins": 0.28925, "loss_cate": 0.09643, "loss": 0.38568}
{"mode": "train", "epoch": 8, "iter": 550, "lr": 0.01, "time": 0.97948, "data_time": 0.30323, "memory": 4037, "loss_ins": 0.22876, "loss_cate": 0.08322, "loss": 0.31199}
{"mode": "train", "epoch": 8, "iter": 600, "lr": 0.01, "time": 0.96759, "data_time": 0.28996, "memory": 4037, "loss_ins": 0.25756, "loss_cate": 0.08461, "loss": 0.34217}
{"mode": "train", "epoch": 8, "iter": 650, "lr": 0.01, "time": 0.98595, "data_time": 0.30399, "memory": 4037, "loss_ins": 0.23971, "loss_cate": 0.08225, "loss": 0.32196}
{"mode": "train", "epoch": 8, "iter": 700, "lr": 0.01, "time": 0.95731, "data_time": 0.28644, "memory": 4037, "loss_ins": 0.22095, "loss_cate": 0.08071, "loss": 0.30166}
{"mode": "train", "epoch": 8, "iter": 750, "lr": 0.01, "time": 0.93371, "data_time": 0.27256, "memory": 4037, "loss_ins": 0.2374, "loss_cate": 0.08523, "loss": 0.32263}
{"mode": "train", "epoch": 8, "iter": 800, "lr": 0.01, "time": 0.97106, "data_time": 0.29433, "memory": 4037, "loss_ins": 0.24929, "loss_cate": 0.088, "loss": 0.33729}
{"mode": "train", "epoch": 8, "iter": 850, "lr": 0.01, "time": 0.94542, "data_time": 0.27812, "memory": 4037, "loss_ins": 0.22283, "loss_cate": 0.08444, "loss": 0.30727}
{"mode": "train", "epoch": 8, "iter": 900, "lr": 0.01, "time": 0.93275, "data_time": 0.27491, "memory": 4037, "loss_ins": 0.21045, "loss_cate": 0.0806, "loss": 0.29105}
{"mode": "train", "epoch": 8, "iter": 950, "lr": 0.01, "time": 0.95248, "data_time": 0.28892, "memory": 4037, "loss_ins": 0.21803, "loss_cate": 0.08122, "loss": 0.29924}
{"mode": "train", "epoch": 8, "iter": 1000, "lr": 0.01, "time": 1.01822, "data_time": 0.30957, "memory": 4037, "loss_ins": 0.26484, "loss_cate": 0.08752, "loss": 0.35236}
{"mode": "train", "epoch": 8, "iter": 1050, "lr": 0.01, "time": 1.00657, "data_time": 0.30745, "memory": 4037, "loss_ins": 0.24337, "loss_cate": 0.08755, "loss": 0.33092}
{"mode": "train", "epoch": 8, "iter": 1100, "lr": 0.01, "time": 0.93614, "data_time": 0.27382, "memory": 4037, "loss_ins": 0.2307, "loss_cate": 0.08856, "loss": 0.31926}
{"mode": "train", "epoch": 8, "iter": 1150, "lr": 0.01, "time": 0.93348, "data_time": 0.27093, "memory": 4037, "loss_ins": 0.25992, "loss_cate": 0.09006, "loss": 0.34998}
{"mode": "train", "epoch": 8, "iter": 1200, "lr": 0.01, "time": 0.95732, "data_time": 0.28685, "memory": 4037, "loss_ins": 0.24079, "loss_cate": 0.0872, "loss": 0.32799}
{"mode": "train", "epoch": 8, "iter": 1250, "lr": 0.01, "time": 0.93631, "data_time": 0.27553, "memory": 4037, "loss_ins": 0.23076, "loss_cate": 0.08742, "loss": 0.31818}
{"mode": "train", "epoch": 8, "iter": 1300, "lr": 0.01, "time": 0.99217, "data_time": 0.30737, "memory": 4037, "loss_ins": 0.24451, "loss_cate": 0.08709, "loss": 0.3316}
{"mode": "train", "epoch": 8, "iter": 1350, "lr": 0.01, "time": 0.97889, "data_time": 0.28442, "memory": 4037, "loss_ins": 0.225, "loss_cate": 0.08114, "loss": 0.30614}
{"mode": "train", "epoch": 8, "iter": 1400, "lr": 0.01, "time": 0.91068, "data_time": 0.27013, "memory": 4037, "loss_ins": 0.23359, "loss_cate": 0.08733, "loss": 0.32093}
{"mode": "train", "epoch": 8, "iter": 1450, "lr": 0.01, "time": 0.99664, "data_time": 0.30542, "memory": 4037, "loss_ins": 0.26387, "loss_cate": 0.08998, "loss": 0.35385}
{"mode": "train", "epoch": 8, "iter": 1500, "lr": 0.01, "time": 0.99279, "data_time": 0.29358, "memory": 4037, "loss_ins": 0.25059, "loss_cate": 0.08662, "loss": 0.33721}
{"mode": "train", "epoch": 8, "iter": 1550, "lr": 0.01, "time": 0.97634, "data_time": 0.2926, "memory": 4037, "loss_ins": 0.23066, "loss_cate": 0.08226, "loss": 0.31291}
{"mode": "train", "epoch": 8, "iter": 1600, "lr": 0.01, "time": 0.98197, "data_time": 0.29998, "memory": 4037, "loss_ins": 0.20867, "loss_cate": 0.07974, "loss": 0.28842}
{"mode": "train", "epoch": 8, "iter": 1650, "lr": 0.01, "time": 0.99166, "data_time": 0.30895, "memory": 4037, "loss_ins": 0.24656, "loss_cate": 0.08755, "loss": 0.33411}
{"mode": "train", "epoch": 8, "iter": 1700, "lr": 0.01, "time": 0.98868, "data_time": 0.30656, "memory": 4037, "loss_ins": 0.25189, "loss_cate": 0.08711, "loss": 0.339}
{"mode": "train", "epoch": 8, "iter": 1750, "lr": 0.01, "time": 0.97623, "data_time": 0.29978, "memory": 4037, "loss_ins": 0.24107, "loss_cate": 0.08698, "loss": 0.32806}
{"mode": "train", "epoch": 8, "iter": 1800, "lr": 0.01, "time": 0.93159, "data_time": 0.27044, "memory": 4037, "loss_ins": 0.23747, "loss_cate": 0.08308, "loss": 0.32054}
{"mode": "train", "epoch": 9, "iter": 50, "lr": 0.01, "time": 1.05076, "data_time": 0.35811, "memory": 4037, "loss_ins": 0.23235, "loss_cate": 0.08574, "loss": 0.3181}
{"mode": "train", "epoch": 9, "iter": 100, "lr": 0.01, "time": 0.92982, "data_time": 0.27149, "memory": 4037, "loss_ins": 0.21373, "loss_cate": 0.07727, "loss": 0.291}
{"mode": "train", "epoch": 9, "iter": 150, "lr": 0.01, "time": 0.97024, "data_time": 0.2867, "memory": 4037, "loss_ins": 0.21995, "loss_cate": 0.0803, "loss": 0.30025}
{"mode": "train", "epoch": 9, "iter": 200, "lr": 0.01, "time": 1.01795, "data_time": 0.32099, "memory": 4037, "loss_ins": 0.22027, "loss_cate": 0.08228, "loss": 0.30255}
{"mode": "train", "epoch": 9, "iter": 250, "lr": 0.01, "time": 1.02793, "data_time": 0.32855, "memory": 4037, "loss_ins": 0.22452, "loss_cate": 0.07623, "loss": 0.30075}
{"mode": "train", "epoch": 9, "iter": 300, "lr": 0.01, "time": 0.95926, "data_time": 0.2794, "memory": 4037, "loss_ins": 0.21626, "loss_cate": 0.07631, "loss": 0.29257}
{"mode": "train", "epoch": 9, "iter": 350, "lr": 0.01, "time": 0.96902, "data_time": 0.29386, "memory": 4037, "loss_ins": 0.20876, "loss_cate": 0.0784, "loss": 0.28716}
{"mode": "train", "epoch": 9, "iter": 400, "lr": 0.01, "time": 0.94784, "data_time": 0.27719, "memory": 4037, "loss_ins": 0.2387, "loss_cate": 0.08483, "loss": 0.32353}
{"mode": "train", "epoch": 9, "iter": 450, "lr": 0.01, "time": 0.94288, "data_time": 0.27185, "memory": 4037, "loss_ins": 0.25761, "loss_cate": 0.08556, "loss": 0.34317}
{"mode": "train", "epoch": 9, "iter": 500, "lr": 0.01, "time": 0.99125, "data_time": 0.30241, "memory": 4037, "loss_ins": 0.24433, "loss_cate": 0.08814, "loss": 0.33246}
{"mode": "train", "epoch": 9, "iter": 550, "lr": 0.01, "time": 0.9649, "data_time": 0.29412, "memory": 4037, "loss_ins": 0.21872, "loss_cate": 0.07896, "loss": 0.29768}
{"mode": "train", "epoch": 9, "iter": 600, "lr": 0.01, "time": 0.99241, "data_time": 0.30818, "memory": 4037, "loss_ins": 0.22326, "loss_cate": 0.07813, "loss": 0.30139}
{"mode": "train", "epoch": 9, "iter": 650, "lr": 0.01, "time": 0.96577, "data_time": 0.29172, "memory": 4037, "loss_ins": 0.2224, "loss_cate": 0.08308, "loss": 0.30548}
{"mode": "train", "epoch": 9, "iter": 700, "lr": 0.01, "time": 0.98129, "data_time": 0.29308, "memory": 4037, "loss_ins": 0.24159, "loss_cate": 0.08549, "loss": 0.32708}
{"mode": "train", "epoch": 9, "iter": 750, "lr": 0.01, "time": 0.95995, "data_time": 0.28328, "memory": 4037, "loss_ins": 0.24497, "loss_cate": 0.08475, "loss": 0.32972}
{"mode": "train", "epoch": 9, "iter": 800, "lr": 0.01, "time": 1.01342, "data_time": 0.32727, "memory": 4037, "loss_ins": 0.2302, "loss_cate": 0.08129, "loss": 0.31149}
{"mode": "train", "epoch": 9, "iter": 850, "lr": 0.01, "time": 0.99196, "data_time": 0.30043, "memory": 4037, "loss_ins": 0.22717, "loss_cate": 0.08031, "loss": 0.30749}
{"mode": "train", "epoch": 9, "iter": 900, "lr": 0.01, "time": 0.98846, "data_time": 0.29264, "memory": 4037, "loss_ins": 0.22056, "loss_cate": 0.08038, "loss": 0.30094}
{"mode": "train", "epoch": 9, "iter": 950, "lr": 0.01, "time": 1.01278, "data_time": 0.32077, "memory": 4037, "loss_ins": 0.23989, "loss_cate": 0.07976, "loss": 0.31965}
{"mode": "train", "epoch": 9, "iter": 1000, "lr": 0.01, "time": 0.92487, "data_time": 0.27052, "memory": 4037, "loss_ins": 0.21368, "loss_cate": 0.08342, "loss": 0.2971}
{"mode": "train", "epoch": 9, "iter": 1050, "lr": 0.01, "time": 0.97595, "data_time": 0.2899, "memory": 4037, "loss_ins": 0.22166, "loss_cate": 0.08436, "loss": 0.30602}
{"mode": "train", "epoch": 9, "iter": 1100, "lr": 0.01, "time": 0.95725, "data_time": 0.2829, "memory": 4037, "loss_ins": 0.2363, "loss_cate": 0.08575, "loss": 0.32205}
{"mode": "train", "epoch": 9, "iter": 1150, "lr": 0.01, "time": 1.02695, "data_time": 0.32539, "memory": 4037, "loss_ins": 0.24745, "loss_cate": 0.08196, "loss": 0.32941}
{"mode": "train", "epoch": 9, "iter": 1200, "lr": 0.01, "time": 0.95501, "data_time": 0.27245, "memory": 4037, "loss_ins": 0.20666, "loss_cate": 0.08209, "loss": 0.28875}
{"mode": "train", "epoch": 9, "iter": 1250, "lr": 0.01, "time": 0.97163, "data_time": 0.29577, "memory": 4037, "loss_ins": 0.22052, "loss_cate": 0.08347, "loss": 0.30399}
{"mode": "train", "epoch": 9, "iter": 1300, "lr": 0.01, "time": 0.94719, "data_time": 0.28256, "memory": 4037, "loss_ins": 0.2234, "loss_cate": 0.08286, "loss": 0.30626}
{"mode": "train", "epoch": 9, "iter": 1350, "lr": 0.01, "time": 0.97964, "data_time": 0.28571, "memory": 4037, "loss_ins": 0.2049, "loss_cate": 0.08133, "loss": 0.28622}
{"mode": "train", "epoch": 9, "iter": 1400, "lr": 0.01, "time": 0.95268, "data_time": 0.27097, "memory": 4037, "loss_ins": 0.22683, "loss_cate": 0.08375, "loss": 0.31057}
{"mode": "train", "epoch": 9, "iter": 1450, "lr": 0.01, "time": 0.96095, "data_time": 0.28473, "memory": 4037, "loss_ins": 0.20472, "loss_cate": 0.07861, "loss": 0.28333}
{"mode": "train", "epoch": 9, "iter": 1500, "lr": 0.01, "time": 0.94964, "data_time": 0.28135, "memory": 4037, "loss_ins": 0.21966, "loss_cate": 0.08336, "loss": 0.30302}
{"mode": "train", "epoch": 9, "iter": 1550, "lr": 0.01, "time": 0.86807, "data_time": 0.23093, "memory": 4037, "loss_ins": 0.1948, "loss_cate": 0.08229, "loss": 0.27708}
{"mode": "train", "epoch": 9, "iter": 1600, "lr": 0.01, "time": 0.95858, "data_time": 0.2772, "memory": 4037, "loss_ins": 0.2094, "loss_cate": 0.08388, "loss": 0.29328}
{"mode": "train", "epoch": 9, "iter": 1650, "lr": 0.01, "time": 0.99762, "data_time": 0.30946, "memory": 4037, "loss_ins": 0.24448, "loss_cate": 0.08792, "loss": 0.33241}
{"mode": "train", "epoch": 9, "iter": 1700, "lr": 0.01, "time": 0.9639, "data_time": 0.29495, "memory": 4037, "loss_ins": 0.19188, "loss_cate": 0.08096, "loss": 0.27284}
{"mode": "train", "epoch": 9, "iter": 1750, "lr": 0.01, "time": 0.96902, "data_time": 0.29411, "memory": 4037, "loss_ins": 0.20105, "loss_cate": 0.07609, "loss": 0.27715}
{"mode": "train", "epoch": 9, "iter": 1800, "lr": 0.01, "time": 0.93644, "data_time": 0.27743, "memory": 4037, "loss_ins": 0.21129, "loss_cate": 0.07653, "loss": 0.28782}
{"mode": "train", "epoch": 10, "iter": 50, "lr": 0.001, "time": 1.02236, "data_time": 0.32341, "memory": 4037, "loss_ins": 0.19877, "loss_cate": 0.07048, "loss": 0.26926}
{"mode": "train", "epoch": 10, "iter": 100, "lr": 0.001, "time": 1.00631, "data_time": 0.31422, "memory": 4037, "loss_ins": 0.19247, "loss_cate": 0.07052, "loss": 0.26298}
{"mode": "train", "epoch": 10, "iter": 150, "lr": 0.001, "time": 0.96955, "data_time": 0.29481, "memory": 4037, "loss_ins": 0.18584, "loss_cate": 0.06546, "loss": 0.2513}
{"mode": "train", "epoch": 10, "iter": 200, "lr": 0.001, "time": 0.94733, "data_time": 0.28047, "memory": 4037, "loss_ins": 0.16687, "loss_cate": 0.06753, "loss": 0.2344}
{"mode": "train", "epoch": 10, "iter": 250, "lr": 0.001, "time": 0.97638, "data_time": 0.2991, "memory": 4037, "loss_ins": 0.16821, "loss_cate": 0.06654, "loss": 0.23475}
{"mode": "train", "epoch": 10, "iter": 300, "lr": 0.001, "time": 0.97199, "data_time": 0.28784, "memory": 4037, "loss_ins": 0.16865, "loss_cate": 0.06606, "loss": 0.2347}
{"mode": "train", "epoch": 10, "iter": 350, "lr": 0.001, "time": 0.92167, "data_time": 0.2718, "memory": 4037, "loss_ins": 0.1499, "loss_cate": 0.06384, "loss": 0.21374}
{"mode": "train", "epoch": 10, "iter": 400, "lr": 0.001, "time": 0.946, "data_time": 0.27336, "memory": 4037, "loss_ins": 0.1875, "loss_cate": 0.06539, "loss": 0.25289}
{"mode": "train", "epoch": 10, "iter": 450, "lr": 0.001, "time": 0.95393, "data_time": 0.28508, "memory": 4037, "loss_ins": 0.16796, "loss_cate": 0.06202, "loss": 0.22998}
{"mode": "train", "epoch": 10, "iter": 500, "lr": 0.001, "time": 0.96452, "data_time": 0.2888, "memory": 4037, "loss_ins": 0.18666, "loss_cate": 0.06766, "loss": 0.25432}
{"mode": "train", "epoch": 10, "iter": 550, "lr": 0.001, "time": 0.95317, "data_time": 0.27877, "memory": 4037, "loss_ins": 0.1683, "loss_cate": 0.06379, "loss": 0.23208}
{"mode": "train", "epoch": 10, "iter": 600, "lr": 0.001, "time": 1.00985, "data_time": 0.31588, "memory": 4037, "loss_ins": 0.16841, "loss_cate": 0.0643, "loss": 0.2327}
{"mode": "train", "epoch": 10, "iter": 650, "lr": 0.001, "time": 0.9494, "data_time": 0.28599, "memory": 4037, "loss_ins": 0.1565, "loss_cate": 0.06058, "loss": 0.21708}
{"mode": "train", "epoch": 10, "iter": 700, "lr": 0.001, "time": 0.94726, "data_time": 0.27569, "memory": 4037, "loss_ins": 0.18005, "loss_cate": 0.0653, "loss": 0.24535}
{"mode": "train", "epoch": 10, "iter": 750, "lr": 0.001, "time": 0.93503, "data_time": 0.26398, "memory": 4037, "loss_ins": 0.15471, "loss_cate": 0.06071, "loss": 0.21542}
{"mode": "train", "epoch": 10, "iter": 800, "lr": 0.001, "time": 0.98294, "data_time": 0.30413, "memory": 4037, "loss_ins": 0.16273, "loss_cate": 0.06255, "loss": 0.22528}
{"mode": "train", "epoch": 10, "iter": 850, "lr": 0.001, "time": 0.96826, "data_time": 0.28254, "memory": 4037, "loss_ins": 0.18877, "loss_cate": 0.06468, "loss": 0.25344}
{"mode": "train", "epoch": 10, "iter": 900, "lr": 0.001, "time": 1.00757, "data_time": 0.31054, "memory": 4037, "loss_ins": 0.18572, "loss_cate": 0.06647, "loss": 0.25219}
{"mode": "train", "epoch": 10, "iter": 950, "lr": 0.001, "time": 0.92812, "data_time": 0.27509, "memory": 4037, "loss_ins": 0.17517, "loss_cate": 0.05855, "loss": 0.23372}
{"mode": "train", "epoch": 10, "iter": 1000, "lr": 0.001, "time": 0.97003, "data_time": 0.28959, "memory": 4037, "loss_ins": 0.19368, "loss_cate": 0.06952, "loss": 0.26319}
{"mode": "train", "epoch": 10, "iter": 1050, "lr": 0.001, "time": 0.93573, "data_time": 0.26613, "memory": 4037, "loss_ins": 0.15479, "loss_cate": 0.06019, "loss": 0.21499}
{"mode": "train", "epoch": 10, "iter": 1100, "lr": 0.001, "time": 1.00531, "data_time": 0.299, "memory": 4037, "loss_ins": 0.18209, "loss_cate": 0.06045, "loss": 0.24253}
{"mode": "train", "epoch": 10, "iter": 1150, "lr": 0.001, "time": 0.90076, "data_time": 0.25263, "memory": 4037, "loss_ins": 0.15844, "loss_cate": 0.06139, "loss": 0.21983}
{"mode": "train", "epoch": 10, "iter": 1200, "lr": 0.001, "time": 0.97595, "data_time": 0.28871, "memory": 4037, "loss_ins": 0.16393, "loss_cate": 0.06348, "loss": 0.22741}
{"mode": "train", "epoch": 10, "iter": 1250, "lr": 0.001, "time": 0.97937, "data_time": 0.29443, "memory": 4037, "loss_ins": 0.17272, "loss_cate": 0.06428, "loss": 0.237}
{"mode": "train", "epoch": 10, "iter": 1300, "lr": 0.001, "time": 1.01617, "data_time": 0.30707, "memory": 4037, "loss_ins": 0.16974, "loss_cate": 0.06281, "loss": 0.23255}
{"mode": "train", "epoch": 10, "iter": 1350, "lr": 0.001, "time": 0.98196, "data_time": 0.28877, "memory": 4037, "loss_ins": 0.17327, "loss_cate": 0.06343, "loss": 0.2367}
{"mode": "train", "epoch": 10, "iter": 1400, "lr": 0.001, "time": 0.95132, "data_time": 0.27766, "memory": 4037, "loss_ins": 0.16602, "loss_cate": 0.06352, "loss": 0.22954}
{"mode": "train", "epoch": 10, "iter": 1450, "lr": 0.001, "time": 0.97372, "data_time": 0.29669, "memory": 4037, "loss_ins": 0.17585, "loss_cate": 0.05896, "loss": 0.23481}
{"mode": "train", "epoch": 10, "iter": 1500, "lr": 0.001, "time": 0.96182, "data_time": 0.2889, "memory": 4037, "loss_ins": 0.16796, "loss_cate": 0.06292, "loss": 0.23089}
{"mode": "train", "epoch": 10, "iter": 1550, "lr": 0.001, "time": 0.95708, "data_time": 0.29108, "memory": 4037, "loss_ins": 0.15931, "loss_cate": 0.06081, "loss": 0.22012}
{"mode": "train", "epoch": 10, "iter": 1600, "lr": 0.001, "time": 0.97176, "data_time": 0.28669, "memory": 4037, "loss_ins": 0.16959, "loss_cate": 0.06118, "loss": 0.23077}
{"mode": "train", "epoch": 10, "iter": 1650, "lr": 0.001, "time": 0.95558, "data_time": 0.28456, "memory": 4037, "loss_ins": 0.17057, "loss_cate": 0.06614, "loss": 0.23672}
{"mode": "train", "epoch": 10, "iter": 1700, "lr": 0.001, "time": 0.9155, "data_time": 0.26446, "memory": 4037, "loss_ins": 0.16538, "loss_cate": 0.06171, "loss": 0.22709}
{"mode": "train", "epoch": 10, "iter": 1750, "lr": 0.001, "time": 0.86384, "data_time": 0.23407, "memory": 4037, "loss_ins": 0.16118, "loss_cate": 0.06547, "loss": 0.22665}
{"mode": "train", "epoch": 10, "iter": 1800, "lr": 0.001, "time": 0.98883, "data_time": 0.30211, "memory": 4037, "loss_ins": 0.17596, "loss_cate": 0.06492, "loss": 0.24088}
{"mode": "train", "epoch": 11, "iter": 50, "lr": 0.001, "time": 1.00768, "data_time": 0.31393, "memory": 4037, "loss_ins": 0.19596, "loss_cate": 0.06, "loss": 0.25596}
{"mode": "train", "epoch": 11, "iter": 100, "lr": 0.001, "time": 0.97882, "data_time": 0.30069, "memory": 4037, "loss_ins": 0.16405, "loss_cate": 0.05818, "loss": 0.22224}
{"mode": "train", "epoch": 11, "iter": 150, "lr": 0.001, "time": 0.96668, "data_time": 0.28702, "memory": 4037, "loss_ins": 0.14149, "loss_cate": 0.05948, "loss": 0.20097}
{"mode": "train", "epoch": 11, "iter": 200, "lr": 0.001, "time": 0.94805, "data_time": 0.28119, "memory": 4037, "loss_ins": 0.17264, "loss_cate": 0.06077, "loss": 0.2334}
{"mode": "train", "epoch": 11, "iter": 250, "lr": 0.001, "time": 0.95257, "data_time": 0.27883, "memory": 4037, "loss_ins": 0.15533, "loss_cate": 0.06251, "loss": 0.21784}
{"mode": "train", "epoch": 11, "iter": 300, "lr": 0.001, "time": 0.92734, "data_time": 0.26417, "memory": 4037, "loss_ins": 0.14307, "loss_cate": 0.0544, "loss": 0.19747}
{"mode": "train", "epoch": 11, "iter": 350, "lr": 0.001, "time": 0.95185, "data_time": 0.26873, "memory": 4037, "loss_ins": 0.15506, "loss_cate": 0.05855, "loss": 0.21361}
{"mode": "train", "epoch": 11, "iter": 400, "lr": 0.001, "time": 0.93096, "data_time": 0.27488, "memory": 4037, "loss_ins": 0.13717, "loss_cate": 0.05793, "loss": 0.1951}
{"mode": "train", "epoch": 11, "iter": 450, "lr": 0.001, "time": 0.94134, "data_time": 0.27894, "memory": 4037, "loss_ins": 0.14459, "loss_cate": 0.05864, "loss": 0.20322}
{"mode": "train", "epoch": 11, "iter": 500, "lr": 0.001, "time": 1.02564, "data_time": 0.32099, "memory": 4037, "loss_ins": 0.19498, "loss_cate": 0.06634, "loss": 0.26132}
{"mode": "train", "epoch": 11, "iter": 550, "lr": 0.001, "time": 0.97439, "data_time": 0.29414, "memory": 4037, "loss_ins": 0.17098, "loss_cate": 0.05953, "loss": 0.23051}
{"mode": "train", "epoch": 11, "iter": 600, "lr": 0.001, "time": 0.96477, "data_time": 0.29204, "memory": 4037, "loss_ins": 0.16161, "loss_cate": 0.06004, "loss": 0.22165}
{"mode": "train", "epoch": 11, "iter": 650, "lr": 0.001, "time": 0.97356, "data_time": 0.28368, "memory": 4037, "loss_ins": 0.16105, "loss_cate": 0.05859, "loss": 0.21964}
{"mode": "train", "epoch": 11, "iter": 700, "lr": 0.001, "time": 1.00922, "data_time": 0.31464, "memory": 4037, "loss_ins": 0.17778, "loss_cate": 0.06108, "loss": 0.23885}
{"mode": "train", "epoch": 11, "iter": 750, "lr": 0.001, "time": 0.95862, "data_time": 0.28236, "memory": 4037, "loss_ins": 0.15862, "loss_cate": 0.0591, "loss": 0.21773}
{"mode": "train", "epoch": 11, "iter": 800, "lr": 0.001, "time": 0.96977, "data_time": 0.28643, "memory": 4037, "loss_ins": 0.16709, "loss_cate": 0.06024, "loss": 0.22732}
{"mode": "train", "epoch": 11, "iter": 850, "lr": 0.001, "time": 0.96131, "data_time": 0.29026, "memory": 4037, "loss_ins": 0.16373, "loss_cate": 0.05794, "loss": 0.22167}
{"mode": "train", "epoch": 11, "iter": 900, "lr": 0.001, "time": 0.96372, "data_time": 0.28299, "memory": 4037, "loss_ins": 0.15809, "loss_cate": 0.0626, "loss": 0.22069}
{"mode": "train", "epoch": 11, "iter": 950, "lr": 0.001, "time": 0.96477, "data_time": 0.29375, "memory": 4037, "loss_ins": 0.18045, "loss_cate": 0.06112, "loss": 0.24157}
{"mode": "train", "epoch": 11, "iter": 1000, "lr": 0.001, "time": 0.98202, "data_time": 0.30279, "memory": 4037, "loss_ins": 0.19305, "loss_cate": 0.06325, "loss": 0.2563}
{"mode": "train", "epoch": 11, "iter": 1050, "lr": 0.001, "time": 0.95297, "data_time": 0.28162, "memory": 4037, "loss_ins": 0.13492, "loss_cate": 0.05809, "loss": 0.19301}
{"mode": "train", "epoch": 11, "iter": 1100, "lr": 0.001, "time": 0.91591, "data_time": 0.2602, "memory": 4037, "loss_ins": 0.16879, "loss_cate": 0.06695, "loss": 0.23574}
{"mode": "train", "epoch": 11, "iter": 1150, "lr": 0.001, "time": 0.9608, "data_time": 0.29471, "memory": 4037, "loss_ins": 0.14774, "loss_cate": 0.05748, "loss": 0.20522}
{"mode": "train", "epoch": 11, "iter": 1200, "lr": 0.001, "time": 1.00173, "data_time": 0.31587, "memory": 4037, "loss_ins": 0.17269, "loss_cate": 0.06012, "loss": 0.23282}
{"mode": "train", "epoch": 11, "iter": 1250, "lr": 0.001, "time": 0.93236, "data_time": 0.2711, "memory": 4037, "loss_ins": 0.16278, "loss_cate": 0.06081, "loss": 0.2236}
{"mode": "train", "epoch": 11, "iter": 1300, "lr": 0.001, "time": 0.92521, "data_time": 0.26068, "memory": 4037, "loss_ins": 0.15599, "loss_cate": 0.06028, "loss": 0.21627}
{"mode": "train", "epoch": 11, "iter": 1350, "lr": 0.001, "time": 0.97936, "data_time": 0.2972, "memory": 4037, "loss_ins": 0.15692, "loss_cate": 0.05775, "loss": 0.21467}
{"mode": "train", "epoch": 11, "iter": 1400, "lr": 0.001, "time": 1.0067, "data_time": 0.32157, "memory": 4037, "loss_ins": 0.17119, "loss_cate": 0.06036, "loss": 0.23155}
{"mode": "train", "epoch": 11, "iter": 1450, "lr": 0.001, "time": 0.9975, "data_time": 0.30261, "memory": 4037, "loss_ins": 0.17111, "loss_cate": 0.05845, "loss": 0.22956}
{"mode": "train", "epoch": 11, "iter": 1500, "lr": 0.001, "time": 0.93857, "data_time": 0.27319, "memory": 4037, "loss_ins": 0.13929, "loss_cate": 0.05763, "loss": 0.19692}
{"mode": "train", "epoch": 11, "iter": 1550, "lr": 0.001, "time": 0.94635, "data_time": 0.27642, "memory": 4037, "loss_ins": 0.13449, "loss_cate": 0.0587, "loss": 0.19319}
{"mode": "train", "epoch": 11, "iter": 1600, "lr": 0.001, "time": 0.97743, "data_time": 0.30419, "memory": 4037, "loss_ins": 0.1609, "loss_cate": 0.06014, "loss": 0.22104}
{"mode": "train", "epoch": 11, "iter": 1650, "lr": 0.001, "time": 0.9539, "data_time": 0.28095, "memory": 4037, "loss_ins": 0.17045, "loss_cate": 0.06052, "loss": 0.23097}
{"mode": "train", "epoch": 11, "iter": 1700, "lr": 0.001, "time": 0.96924, "data_time": 0.29293, "memory": 4037, "loss_ins": 0.15848, "loss_cate": 0.05832, "loss": 0.21679}
{"mode": "train", "epoch": 11, "iter": 1750, "lr": 0.001, "time": 0.96184, "data_time": 0.29353, "memory": 4037, "loss_ins": 0.16694, "loss_cate": 0.05462, "loss": 0.22156}
{"mode": "train", "epoch": 11, "iter": 1800, "lr": 0.001, "time": 0.94313, "data_time": 0.27644, "memory": 4037, "loss_ins": 0.18672, "loss_cate": 0.06592, "loss": 0.25264}
{"mode": "train", "epoch": 12, "iter": 50, "lr": 0.0001, "time": 0.98847, "data_time": 0.29478, "memory": 4037, "loss_ins": 0.15296, "loss_cate": 0.05846, "loss": 0.21142}
{"mode": "train", "epoch": 12, "iter": 100, "lr": 0.0001, "time": 1.02353, "data_time": 0.31058, "memory": 4037, "loss_ins": 0.18243, "loss_cate": 0.06045, "loss": 0.24288}
{"mode": "train", "epoch": 12, "iter": 150, "lr": 0.0001, "time": 0.93342, "data_time": 0.26572, "memory": 4037, "loss_ins": 0.14868, "loss_cate": 0.05272, "loss": 0.20141}
{"mode": "train", "epoch": 12, "iter": 200, "lr": 0.0001, "time": 0.9391, "data_time": 0.27392, "memory": 4037, "loss_ins": 0.16293, "loss_cate": 0.05831, "loss": 0.22124}
{"mode": "train", "epoch": 12, "iter": 250, "lr": 0.0001, "time": 0.94913, "data_time": 0.27766, "memory": 4037, "loss_ins": 0.15121, "loss_cate": 0.0576, "loss": 0.20881}
{"mode": "train", "epoch": 12, "iter": 300, "lr": 0.0001, "time": 0.95893, "data_time": 0.27909, "memory": 4037, "loss_ins": 0.15027, "loss_cate": 0.05569, "loss": 0.20595}
{"mode": "train", "epoch": 12, "iter": 350, "lr": 0.0001, "time": 1.01818, "data_time": 0.31963, "memory": 4037, "loss_ins": 0.1698, "loss_cate": 0.05996, "loss": 0.22976}
{"mode": "train", "epoch": 12, "iter": 400, "lr": 0.0001, "time": 0.99127, "data_time": 0.30287, "memory": 4037, "loss_ins": 0.17586, "loss_cate": 0.06001, "loss": 0.23587}
{"mode": "train", "epoch": 12, "iter": 450, "lr": 0.0001, "time": 0.9268, "data_time": 0.27329, "memory": 4037, "loss_ins": 0.15801, "loss_cate": 0.05761, "loss": 0.21562}
{"mode": "train", "epoch": 12, "iter": 500, "lr": 0.0001, "time": 0.93821, "data_time": 0.27362, "memory": 4037, "loss_ins": 0.16354, "loss_cate": 0.05576, "loss": 0.2193}
{"mode": "train", "epoch": 12, "iter": 550, "lr": 0.0001, "time": 0.97533, "data_time": 0.29279, "memory": 4037, "loss_ins": 0.16002, "loss_cate": 0.05933, "loss": 0.21935}
{"mode": "train", "epoch": 12, "iter": 600, "lr": 0.0001, "time": 1.00488, "data_time": 0.31196, "memory": 4037, "loss_ins": 0.1688, "loss_cate": 0.05871, "loss": 0.22751}
{"mode": "train", "epoch": 12, "iter": 650, "lr": 0.0001, "time": 0.92142, "data_time": 0.25239, "memory": 4037, "loss_ins": 0.14469, "loss_cate": 0.05391, "loss": 0.19859}
{"mode": "train", "epoch": 12, "iter": 700, "lr": 0.0001, "time": 0.96145, "data_time": 0.28568, "memory": 4037, "loss_ins": 0.1483, "loss_cate": 0.05577, "loss": 0.20407}
{"mode": "train", "epoch": 12, "iter": 750, "lr": 0.0001, "time": 0.94063, "data_time": 0.27324, "memory": 4037, "loss_ins": 0.16704, "loss_cate": 0.05637, "loss": 0.22341}
{"mode": "train", "epoch": 12, "iter": 800, "lr": 0.0001, "time": 0.93475, "data_time": 0.27376, "memory": 4037, "loss_ins": 0.16073, "loss_cate": 0.05707, "loss": 0.21781}
{"mode": "train", "epoch": 12, "iter": 850, "lr": 0.0001, "time": 0.95681, "data_time": 0.2897, "memory": 4037, "loss_ins": 0.15781, "loss_cate": 0.05573, "loss": 0.21353}
{"mode": "train", "epoch": 12, "iter": 900, "lr": 0.0001, "time": 0.94846, "data_time": 0.2763, "memory": 4037, "loss_ins": 0.1612, "loss_cate": 0.05466, "loss": 0.21587}
{"mode": "train", "epoch": 12, "iter": 950, "lr": 0.0001, "time": 0.92583, "data_time": 0.26865, "memory": 4037, "loss_ins": 0.14589, "loss_cate": 0.05291, "loss": 0.19881}
{"mode": "train", "epoch": 12, "iter": 1000, "lr": 0.0001, "time": 0.9741, "data_time": 0.29584, "memory": 4037, "loss_ins": 0.15798, "loss_cate": 0.05601, "loss": 0.21399}
{"mode": "train", "epoch": 12, "iter": 1050, "lr": 0.0001, "time": 0.9715, "data_time": 0.28819, "memory": 4037, "loss_ins": 0.17761, "loss_cate": 0.0598, "loss": 0.23742}
{"mode": "train", "epoch": 12, "iter": 1100, "lr": 0.0001, "time": 1.00443, "data_time": 0.30838, "memory": 4037, "loss_ins": 0.14406, "loss_cate": 0.05862, "loss": 0.20268}
{"mode": "train", "epoch": 12, "iter": 1150, "lr": 0.0001, "time": 0.93696, "data_time": 0.26377, "memory": 4037, "loss_ins": 0.14953, "loss_cate": 0.05797, "loss": 0.2075}
{"mode": "train", "epoch": 12, "iter": 1200, "lr": 0.0001, "time": 0.95716, "data_time": 0.28615, "memory": 4037, "loss_ins": 0.15365, "loss_cate": 0.05569, "loss": 0.20934}
{"mode": "train", "epoch": 12, "iter": 1250, "lr": 0.0001, "time": 0.94753, "data_time": 0.28124, "memory": 4037, "loss_ins": 0.14914, "loss_cate": 0.05433, "loss": 0.20348}
{"mode": "train", "epoch": 12, "iter": 1300, "lr": 0.0001, "time": 0.93621, "data_time": 0.26644, "memory": 4037, "loss_ins": 0.1562, "loss_cate": 0.0594, "loss": 0.2156}
{"mode": "train", "epoch": 12, "iter": 1350, "lr": 0.0001, "time": 0.96544, "data_time": 0.2916, "memory": 4037, "loss_ins": 0.14929, "loss_cate": 0.05416, "loss": 0.20344}
{"mode": "train", "epoch": 12, "iter": 1400, "lr": 0.0001, "time": 0.91133, "data_time": 0.25327, "memory": 4037, "loss_ins": 0.1606, "loss_cate": 0.05816, "loss": 0.21876}
{"mode": "train", "epoch": 12, "iter": 1450, "lr": 0.0001, "time": 0.93337, "data_time": 0.27982, "memory": 4037, "loss_ins": 0.14117, "loss_cate": 0.05809, "loss": 0.19926}
{"mode": "train", "epoch": 12, "iter": 1500, "lr": 0.0001, "time": 0.93235, "data_time": 0.26863, "memory": 4037, "loss_ins": 0.13594, "loss_cate": 0.05391, "loss": 0.18985}
{"mode": "train", "epoch": 12, "iter": 1550, "lr": 0.0001, "time": 0.9503, "data_time": 0.28348, "memory": 4037, "loss_ins": 0.14127, "loss_cate": 0.05789, "loss": 0.19916}
{"mode": "train", "epoch": 12, "iter": 1600, "lr": 0.0001, "time": 0.99439, "data_time": 0.30544, "memory": 4037, "loss_ins": 0.18321, "loss_cate": 0.06119, "loss": 0.24439}
{"mode": "train", "epoch": 12, "iter": 1650, "lr": 0.0001, "time": 0.97516, "data_time": 0.289, "memory": 4037, "loss_ins": 0.16457, "loss_cate": 0.06058, "loss": 0.22515}
{"mode": "train", "epoch": 12, "iter": 1700, "lr": 0.0001, "time": 0.92626, "data_time": 0.26884, "memory": 4037, "loss_ins": 0.15319, "loss_cate": 0.05829, "loss": 0.21147}
{"mode": "train", "epoch": 12, "iter": 1750, "lr": 0.0001, "time": 0.97944, "data_time": 0.29644, "memory": 4037, "loss_ins": 0.15923, "loss_cate": 0.05966, "loss": 0.21889}
{"mode": "train", "epoch": 12, "iter": 1800, "lr": 0.0001, "time": 0.94718, "data_time": 0.28063, "memory": 4037, "loss_ins": 0.15453, "loss_cate": 0.0552, "loss": 0.20972}
